caso;isolante_mm;vano_mm;larghezza_mm;profondita_mm;corpo_con_piedini_mm;altezza_H1000_mm;altezza_H1500_mm;riserve_azionamenti_compatibili
I50_M80;50;80;915.0;865.0;551.478;1651.478;2151.478;False
I50_M120;50;120;915.0;865.0;591.478;1691.478;2191.478;True
I50_M160;50;160;915.0;865.0;631.478;1731.478;2231.478;True
I75_M80;75;80;965.0;915.0;577.036;1677.036;2177.036;False
I75_M120;75;120;965.0;915.0;617.036;1717.036;2217.036;True
I75_M160;75;160;965.0;915.0;657.036;1757.036;2257.036;True
I100_M80;100;80;1015.0;965.0;602.595;1702.595;2202.595;False
I100_M120;100;120;1015.0;965.0;642.595;1742.595;2242.595;True
I100_M160;100;160;1015.0;965.0;682.595;1782.595;2282.595;True
