s,kg/s,kg/s,kg/s,kg/s,kg/s,kg/s,kg/s,C,C
Time,mouth_net_y,mouth_outward_y_negative,mouth_inward_y_positive,mouth_soot_outward_negative,flue_net_z,flue_outward_z_positive,flue_soot_outward_positive,pizza_1_gas_temp,pizza_2_gas_temp
 0.0000000E+000, 8.2864477E-006,-3.0155934E-004, 3.0984579E-004, 0.0000000E+000,-3.9442883E-006, 2.7663595E-005, 0.0000000E+000, 2.5000000E+001, 2.5000000E+001
 1.0078461E+000,-6.7020743E-003,-6.7475201E-003, 4.5445864E-005,-1.1853552E-029, 6.3769268E-004, 6.4636375E-004, 0.0000000E+000, 2.5107677E+001, 2.5109149E+001
 2.0054478E+000,-1.6090772E-002,-1.7286958E-002, 1.1961853E-003,-1.0741325E-013, 6.6028309E-003, 6.6028309E-003, 1.8450794E-027, 2.9019157E+001, 2.9522678E+001
 3.0023993E+000,-7.5772709E-003,-1.6493974E-002, 8.9167028E-003,-1.0164399E-007, 1.6079161E-002, 1.6079161E-002, 2.7385629E-007, 8.9355378E+001, 9.8034402E+001
 4.0036318E+000, 3.8743040E-003,-1.6021990E-002, 1.9896294E-002,-2.7608676E-007, 1.9924389E-002, 1.9924389E-002, 2.1323086E-006, 1.4549972E+002, 1.6049345E+002
 5.0045020E+000, 1.0053545E-002,-1.3760854E-002, 2.3814399E-002,-4.4682555E-007, 1.9883002E-002, 1.9883002E-002, 3.1823471E-006, 2.0536771E+002, 2.0667264E+002
 6.0018084E+000, 1.4436006E-002,-1.3015756E-002, 2.7451762E-002,-4.6837488E-007, 1.9073171E-002, 1.9073171E-002, 4.5372637E-006, 2.4077192E+002, 2.2790848E+002
 7.0020629E+000, 1.8448496E-002,-1.2531840E-002, 3.0980335E-002,-6.1228645E-007, 1.8652232E-002, 1.8652232E-002, 5.2745138E-006, 2.4960198E+002, 2.5956942E+002
 8.0011577E+000, 1.7867727E-002,-1.1956897E-002, 2.9824625E-002,-5.9830751E-007, 1.8498012E-002, 1.8498012E-002, 5.2472097E-006, 2.8905332E+002, 2.5548948E+002
 9.0024514E+000, 1.7877302E-002,-1.3052682E-002, 3.0929984E-002,-7.2993609E-007, 1.8450563E-002, 1.8450563E-002, 5.5043956E-006, 2.7589037E+002, 3.0700837E+002
 1.0002681E+001, 1.8187882E-002,-1.2399823E-002, 3.0587704E-002,-6.8790829E-007, 1.8392029E-002, 1.8392029E-002, 5.4937805E-006, 2.5821702E+002, 2.6072977E+002
 1.1001712E+001, 1.8312737E-002,-1.1990608E-002, 3.0303344E-002,-6.1501113E-007, 1.8282934E-002, 1.8282934E-002, 5.7387490E-006, 2.6944951E+002, 2.5981616E+002
 1.2002886E+001, 1.7422746E-002,-1.2133107E-002, 2.9555853E-002,-6.4233127E-007, 1.8679923E-002, 1.8679923E-002, 5.3781626E-006, 2.6083456E+002, 2.5043259E+002
 1.3001022E+001, 1.7359586E-002,-1.2323239E-002, 2.9682825E-002,-7.0579379E-007, 1.8520486E-002, 1.8520486E-002, 5.2243056E-006, 2.4097025E+002, 3.0595737E+002
 1.4003043E+001, 1.8352976E-002,-1.2069995E-002, 3.0422971E-002,-6.8759646E-007, 1.8584537E-002, 1.8584537E-002, 5.5391905E-006, 2.7860803E+002, 2.6543545E+002
 1.5000193E+001, 1.6941070E-002,-1.1969179E-002, 2.8910249E-002,-6.1083390E-007, 1.8632540E-002, 1.8632540E-002, 5.5415792E-006, 2.4981647E+002, 2.9306144E+002
 1.6000554E+001, 1.8443593E-002,-1.2484846E-002, 3.0928439E-002,-7.0196333E-007, 1.8265049E-002, 1.8265049E-002, 5.5154839E-006, 2.2899911E+002, 2.4649675E+002
 1.7001746E+001, 1.8063773E-002,-1.1818398E-002, 2.9882171E-002,-6.4208129E-007, 1.8425959E-002, 1.8425959E-002, 5.6718504E-006, 2.5214894E+002, 2.7920408E+002
 1.8002428E+001, 1.7856597E-002,-1.2701905E-002, 3.0558502E-002,-6.6298481E-007, 1.8565092E-002, 1.8565092E-002, 5.4393520E-006, 2.2612757E+002, 3.1547692E+002
 1.9002597E+001, 1.7272642E-002,-1.2822333E-002, 3.0094976E-002,-6.6356856E-007, 1.8631858E-002, 1.8631858E-002, 5.4439318E-006, 2.6237357E+002, 2.4146079E+002
 2.0002075E+001, 1.7845553E-002,-1.2347970E-002, 3.0193523E-002,-6.8542644E-007, 1.8440114E-002, 1.8440114E-002, 5.3754951E-006, 2.4988048E+002, 2.5299437E+002
 2.1001693E+001, 1.8008736E-002,-1.2403824E-002, 3.0412560E-002,-6.5985315E-007, 1.8266273E-002, 1.8266273E-002, 5.8375019E-006, 2.4465659E+002, 2.9281004E+002
 2.2001135E+001, 1.7855433E-002,-1.1808042E-002, 2.9663474E-002,-6.5146532E-007, 1.8556459E-002, 1.8556459E-002, 5.4502635E-006, 2.6687077E+002, 2.8434846E+002
 2.3002090E+001, 1.7587483E-002,-1.2478631E-002, 3.0066114E-002,-6.6180609E-007, 1.8568801E-002, 1.8568801E-002, 5.5605810E-006, 2.4491579E+002, 3.0489664E+002
 2.4000318E+001, 1.7897957E-002,-1.1585437E-002, 2.9483395E-002,-5.9198845E-007, 1.8392866E-002, 1.8392866E-002, 5.5526106E-006, 2.7711639E+002, 2.7496114E+002
 2.5002600E+001, 1.7523946E-002,-1.2635623E-002, 3.0159569E-002,-6.7300957E-007, 1.8711309E-002, 1.8711309E-002, 5.2536085E-006, 2.8015943E+002, 2.6876453E+002
 2.6000790E+001, 1.7821810E-002,-1.2422489E-002, 3.0244299E-002,-6.7134538E-007, 1.8609610E-002, 1.8609610E-002, 5.3623414E-006, 2.8042707E+002, 3.1092894E+002
 2.7003147E+001, 1.8273150E-002,-1.2812320E-002, 3.1085471E-002,-7.6830047E-007, 1.8357765E-002, 1.8357765E-002, 5.5555977E-006, 2.4795497E+002, 2.4510618E+002
 2.8001615E+001, 1.7764182E-002,-1.2403310E-002, 3.0167492E-002,-7.1119355E-007, 1.8537161E-002, 1.8537161E-002, 5.5124462E-006, 2.5545284E+002, 2.8788427E+002
 2.9000597E+001, 1.7543641E-002,-1.2636956E-002, 3.0180597E-002,-7.4089962E-007, 1.8502668E-002, 1.8502668E-002, 5.5034277E-006, 2.5486288E+002, 2.4475658E+002
 3.0000000E+001, 1.8611032E-002,-1.2033935E-002, 3.0644967E-002,-6.5795652E-007, 1.8362753E-002, 1.8362753E-002, 5.6169258E-006, 2.3909698E+002, 2.5223275E+002
