name,doorOpen,diameterCm,heightM,flueC,inletCm2,fuelKgH,minorK,windPa,lambdaTotal,lambdaRear,stackKgH,doorOutKgH,doorTopPa,inletRequiredForLambda2Cm2,marginLambda2Pa,sensibleKW,requiresStoredHeat,reverseStack,massResidualKgS
"Base chiusa",0,13,1,250,60,4.5,4,0,1.86575887770341,1.86575887770341,46.5865354935056,0,-2.8729376117342,67.9971800288439,-0.966872759289686,6.76151799871019,0,0,-1.14665221762067e-15
"Presa 30 cm2",0,13,1,250,30,4.5,4,0,1.12744289319697,1.12744289319697,29.9178535783619,0,-4.62363181016457,67.9971800288439,-14.0687977601495,4.34224402630392,0,0,-9.43689570931383e-16
"Presa 90 cm2",0,13,1,250,90,4.5,4,0,2.27326936623508,2.27326936623508,55.7867463151093,0,-1.57991211975966,67.9971800288439,1.45940964827694,8.09682637490127,0,0,-1.27502175484295e-15
"Camino 0.5 m",0,13,0.5,250,60,4.5,4,0,1.47541588783506,1.47541588783506,37.7739088235348,0,-1.44897220103756,125.728854498113,-3.37271295351784,5.48246315563804,0,0,1.00787433954252e-15
"Camino 1.5 m",0,13,1.5,250,60,4.5,4,0,2.18311096625369,2.18311096625369,53.751274074488,0,-4.27584512117241,52.0366521894054,1.43896743493846,7.80140019553333,0,0,-6.00214322687975e-16
"Diametro 15 cm",0,15,1,250,60,4.5,4,0,2.08368271973397,2.08368271973397,51.5065199998184,0,-3.81264860188719,56.7182567648197,0.520009762385143,7.47559908330698,0,0,-1.76941794549634e-15
"Fumi 150 C",0,13,1,150,60,4.5,4,0,1.7037444502995,1.7037444502995,42.9287967844234,0,-2.2415219580291,79.5905502339899,-1.88535654665606,6.23063786662812,0,0,1.49186218934005e-16
"Fumi 100 C",0,13,1,100,60,4.5,4,0,1.54439271467365,1.54439271467365,39.3311726647907,0,-1.67639630510809,95.9361017307841,-2.65905522225321,5.70848269926476,0,0,-7.59808882477842e-16
"Perdite K=8",0,13,1,250,60,4.5,8,0,1.54986064431476,1.54986064431476,39.4546200529495,0,-1.69486910185195,276.930179769775,-4.16229798700532,5.72639971601837,0,0,-1.17961196366423e-15
"Vento avverso 3 Pa",0,13,1,250,60,4.5,4,3,1.37214830276144,1.37214830276144,35.4424754483168,0,-1.1279083526607,198.148984588311,-3.96687275928969,5.14408150604042,0,0,3.29597460435593e-16
"Vento avverso 6 Pa",0,13,1,250,60,4.5,4,6,0.575600418794603,0.575600418794603,17.4591138705531,0,0.566034205482624,Inf,-6.96687275928969,2.53399638815666,0,0,-1.69135538907739e-16
"Legna 3.5 kg/h",0,13,1,250,60,3.5,4,0,2.42211387827114,2.42211387827114,46.0033410705747,0,-2.94706855893472,44.815024142755,2.09370403746318,6.67687380815979,0,0,-9.81853487402873e-16
"Porta aperta",1,13,1,250,60,4.5,4,0,5.51829601881624,0.59087982397556,68.2723970275951,60.7760938701171,0.54657443569935,NaN,NaN,18.7299545816818,1,0,-4.93736995732519e-14
"Aperta, gas 300 C",1,13,1,250,60,4.5,4,0,5.2642150010818,0.544218720779985,66.4724614224997,56.8397380306507,0.401193031853143,NaN,NaN,10.3616500929383,0,0,-4.32084923396303e-14
"Aperta, camino 1.5 m",1,13,1.5,250,60,4.5,4,0,5.83416594368115,0.609005513849236,79.3209568536202,56.8588103737076,0.522828561946081,NaN,NaN,19.7649801045219,1,0,-3.22276927366971e-14
"Chiusa H1.5 A90",0,13,1.5,250,90,4.5,4,0,2.65616270371719,2.65616270371719,64.4311849888537,0,-2.49580786306522,52.0366521894054,3.86524984250509,9.35147059907668,0,0,8.15320033709099e-16
"H1.5 A90 T150 K8 vento3",0,13,1.5,150,90,4.5,8,3,1.42618459220564,1.42618459220564,36.6624324037648,0,-0.0592390771271538,Inf,-3.40249867423912,5.32114470304642,0,0,1.44502465548868e-15
