s,kg/s,kg/s,kg/s,kg/s,kg/s,kg/s,kg/s,C,C,C
Time,mouth_net_y,mouth_outward_y_negative,mouth_inward_y_positive,mouth_soot_outward_negative,flue_net_z,flue_outward_z_positive,flue_soot_outward_positive,pizza_1_gas_temp,pizza_2_gas_temp,pizza_3_gas_temp
 0.0000000E+000,-9.7370887E-006,-2.9763307E-004, 2.8789598E-004, 0.0000000E+000,-3.8216016E-006, 2.7663595E-005, 0.0000000E+000, 2.5000000E+001, 2.5000000E+001, 2.5000000E+001
 1.0029768E+000,-7.0657825E-003,-7.1074934E-003, 4.1710889E-005,-1.2382036E-025, 6.0574061E-004, 6.1295281E-004, 0.0000000E+000, 2.5115413E+001, 2.5116691E+001, 2.5100158E+001
 2.0045921E+000,-2.1781010E-002,-2.2453689E-002, 6.7267867E-004,-1.0382824E-012, 6.1983771E-003, 6.1983771E-003, 2.0652299E-031, 2.6775138E+001, 2.7731524E+001, 2.8415676E+001
 3.0034912E+000,-1.6834748E-002,-2.2939288E-002, 6.1045391E-003,-1.9151182E-008, 1.2905837E-002, 1.2905837E-002, 8.7023342E-009, 5.8802463E+001, 7.7165197E+001, 6.6905245E+001
 4.0034752E+000,-1.1917641E-002,-2.2113811E-002, 1.0196171E-002,-1.0399791E-007, 1.6288440E-002, 1.6288440E-002, 3.3232980E-007, 1.3183692E+002, 1.4485604E+002, 1.2557491E+002
 5.0042141E+000,-2.6301672E-003,-1.9695646E-002, 1.7065479E-002,-3.8258206E-007, 1.7434464E-002, 1.7434464E-002, 1.1606413E-006, 2.2064391E+002, 1.8566184E+002, 2.6634674E+002
 6.0028644E+000, 4.6517931E-003,-1.7826986E-002, 2.2478779E-002,-6.3028389E-007, 1.7551240E-002, 1.7551240E-002, 2.1043489E-006, 2.5164125E+002, 2.4179970E+002, 3.3727179E+002
 7.0044912E+000, 1.2984416E-002,-1.5172015E-002, 2.8156431E-002,-8.3384126E-007, 1.7047033E-002, 1.7047033E-002, 3.2272914E-006, 2.7442618E+002, 3.2210428E+002, 3.8127396E+002
 8.0020354E+000, 1.5851361E-002,-1.3056517E-002, 2.8907878E-002,-8.0192505E-007, 1.6798918E-002, 1.6798918E-002, 3.8855407E-006, 2.4528065E+002, 3.1860662E+002, 3.5792891E+002
 9.0040081E+000, 1.5734504E-002,-1.3966320E-002, 2.9700825E-002,-9.4858638E-007, 1.6828512E-002, 1.6828512E-002, 4.7503857E-006, 2.8032614E+002, 3.5019442E+002, 3.1032098E+002
 1.0002340E+001, 1.8254588E-002,-1.3253366E-002, 3.1507954E-002,-1.0259192E-006, 1.6586635E-002, 1.6586635E-002, 5.1252649E-006, 2.4467865E+002, 2.9965873E+002, 3.1471559E+002
 1.1003816E+001, 1.7135484E-002,-1.3431075E-002, 3.0566559E-002,-1.2234006E-006, 1.6507375E-002, 1.6507375E-002, 5.6663920E-006, 2.2380905E+002, 2.8165265E+002, 3.2452832E+002
 1.2000829E+001, 1.4742377E-002,-1.3901296E-002, 2.8643673E-002,-1.2209827E-006, 1.6416556E-002, 1.6416556E-002, 5.3533107E-006, 2.1501004E+002, 2.8792707E+002, 3.5598599E+002
 1.3002151E+001, 1.6994472E-002,-1.4075210E-002, 3.1069682E-002,-1.1844983E-006, 1.6508159E-002, 1.6508159E-002, 4.8763460E-006, 2.1714944E+002, 2.9132159E+002, 3.2628377E+002
 1.4001339E+001, 1.4350100E-002,-1.4855558E-002, 2.9205659E-002,-1.1923711E-006, 1.6676396E-002, 1.6676396E-002, 4.6584990E-006, 2.2844194E+002, 3.2623890E+002, 3.5201893E+002
 1.5003337E+001, 1.5947919E-002,-1.3744275E-002, 2.9692194E-002,-1.1717215E-006, 1.6566616E-002, 1.6566616E-002, 4.8646212E-006, 2.3059964E+002, 3.1418245E+002, 3.5487487E+002
 1.6002799E+001, 1.5803157E-002,-1.3332846E-002, 2.9136003E-002,-1.1133068E-006, 1.6763443E-002, 1.6763443E-002, 4.9737847E-006, 2.2612308E+002, 2.9793324E+002, 3.3775473E+002
 1.7003021E+001, 1.4694750E-002,-1.3870267E-002, 2.8565017E-002,-9.7749101E-007, 1.6778574E-002, 1.6778574E-002, 4.8567453E-006, 2.3371354E+002, 3.1091104E+002, 3.5959304E+002
 1.8000003E+001, 1.5074246E-002,-1.3173990E-002, 2.8248236E-002,-1.0443287E-006, 1.6613707E-002, 1.6613707E-002, 4.7158433E-006, 2.2120920E+002, 2.8628838E+002, 3.0384937E+002
 1.9000762E+001, 1.6263558E-002,-1.3849252E-002, 3.0112810E-002,-1.1456471E-006, 1.6685280E-002, 1.6685280E-002, 5.1105038E-006, 2.4623560E+002, 2.9009966E+002, 3.3153539E+002
 2.0000182E+001, 1.6932704E-002,-1.3586285E-002, 3.0518989E-002,-1.1776798E-006, 1.6547906E-002, 1.6547906E-002, 5.4880225E-006, 2.2305088E+002, 3.4035838E+002, 3.3828301E+002
 2.1000329E+001, 1.5856125E-002,-1.4340110E-002, 3.0196235E-002,-1.2599332E-006, 1.6453463E-002, 1.6453463E-002, 5.1653535E-006, 2.0488074E+002, 3.2099634E+002, 3.3006964E+002
 2.2002634E+001, 1.4207301E-002,-1.3228442E-002, 2.7435744E-002,-1.0045524E-006, 1.6785843E-002, 1.6785843E-002, 4.6706008E-006, 2.7749116E+002, 3.0057785E+002, 3.3056286E+002
 2.3003132E+001, 1.6529085E-002,-1.2371002E-002, 2.8900087E-002,-1.0621789E-006, 1.6800313E-002, 1.6800313E-002, 4.8918252E-006, 2.7086072E+002, 3.1209608E+002, 3.2926049E+002
 2.4003880E+001, 1.6002507E-002,-1.4388413E-002, 3.0390921E-002,-1.2055040E-006, 1.6407871E-002, 1.6407871E-002, 5.4742913E-006, 2.2011052E+002, 2.9188689E+002, 3.4431172E+002
 2.5001428E+001, 1.6072995E-002,-1.3047030E-002, 2.9120025E-002,-1.0068260E-006, 1.6685365E-002, 1.6685365E-002, 4.6680843E-006, 2.0046049E+002, 2.8888630E+002, 3.3663699E+002
 2.6000059E+001, 1.4689561E-002,-1.3346945E-002, 2.8036506E-002,-1.0609446E-006, 1.6793796E-002, 1.6793796E-002, 4.5831314E-006, 2.5949786E+002, 3.0482692E+002, 2.8505452E+002
 2.7002020E+001, 1.5530494E-002,-1.2813603E-002, 2.8344098E-002,-1.0664211E-006, 1.6602563E-002, 1.6602563E-002, 5.0659021E-006, 2.2779696E+002, 3.1556684E+002, 3.0986177E+002
 2.8000837E+001, 1.6674095E-002,-1.3653171E-002, 3.0327266E-002,-1.1904782E-006, 1.6459069E-002, 1.6459069E-002, 5.0732007E-006, 2.2510785E+002, 2.9935184E+002, 3.3512332E+002
 2.9001196E+001, 1.5192202E-002,-1.3576374E-002, 2.8768576E-002,-1.1758716E-006, 1.6577589E-002, 1.6577589E-002, 5.3245192E-006, 2.7198773E+002, 3.6640811E+002, 3.6770114E+002
 3.0000000E+001, 1.6705068E-002,-1.2846703E-002, 2.9551770E-002,-1.0872005E-006, 1.6503376E-002, 1.6503376E-002, 5.2716284E-006, 2.4798143E+002, 2.7828485E+002, 3.5851148E+002
