name,reached,preheatMinutes,preheatEndMinutes,endPreheatPlateC,plateC_atLoad,lowerPlateC_atLoad,shellFrontC_atLoad,gasFrontC_atLoad,gasRearC_atLoad,draftPa_atLoad,massFlowKgS_atLoad,dropUpperPlateBakeK,water90g_perPizza,base90C,top90C,maxEnergyResidualW,rearDepthCm,roofHeightCm,mouthWidthCm,mouthHeightCm,flueDiameterCm,flueHeightM,roofMaterial,woodKgH,stoneThicknessMm
candidato_25cm,0,NaN,120,442.066907268379,NaN,NaN,NaN,NaN,NaN,NaN,NaN,NaN,NaN,NaN,NaN,NaN,25,28,72,16,13,1,steel,3.5,10
focolare_14cm,1,61.6998564985792,61.6998564985792,450,450.000000013765,448.813606271272,402.112732990849,413.855675287648,416.567467041866,6.57501921620145,0.0195093081986372,144.823383571393,6.48711837943877e-21,139.579041868433,116.454474170522,3.63797880709171e-12,14,28,72,16,13,1,steel,3.5,10
focolare_20cm,1,110.093869108512,110.093869108512,450,450.000000133978,449.139711607048,406.468097346721,419.556481579049,422.661419325604,6.61650797393877,0.0194933495187565,145.110100332064,1.81081531464539e-09,134.950171176009,114.095859661452,3.92219590139575e-12,20,28,72,16,13,1,steel,3.5,10
focolare_30cm,0,NaN,120,435.194970134711,NaN,NaN,NaN,NaN,NaN,NaN,NaN,NaN,NaN,NaN,NaN,NaN,30,28,72,16,13,1,steel,3.5,10
volta_25cm,0,NaN,120,443.790572820498,NaN,NaN,NaN,NaN,NaN,NaN,NaN,NaN,NaN,NaN,NaN,NaN,25,25,72,16,13,1,steel,3.5,10
volta_30cm,0,NaN,120,440.856852765413,NaN,NaN,NaN,NaN,NaN,NaN,NaN,NaN,NaN,NaN,NaN,NaN,25,30,72,16,13,1,steel,3.5,10
bocca_alta_14cm,0,NaN,120,449.405367739669,NaN,NaN,NaN,NaN,NaN,NaN,NaN,NaN,NaN,NaN,NaN,NaN,25,28,72,14,13,1,steel,3.5,10
bocca_larga_60cm,1,96.4561016926535,96.4561016926535,450,450.000000003447,449.093674145436,414.289894980492,425.729676016427,428.862624911185,6.66067132471539,0.019304972571924,145.076957940438,5.29187447162026e-20,135.288979753857,114.283928188423,3.95061761082616e-12,25,28,60,16,13,1,steel,3.5,10
camino_diametro_15cm,0,NaN,120,372.696817625255,NaN,NaN,NaN,NaN,NaN,NaN,NaN,NaN,NaN,NaN,NaN,NaN,25,28,72,16,15,1,steel,3.5,10
camino_altezza_50cm,1,39.352002731709,39.352002731709,450,450.000000022885,447.065056248766,417.788426746086,485.226656059449,521.795123337171,3.52472895787748,0.013621720044985,143.511150238158,2.2051329979455e-19,155.497808042511,126.427282993211,2.72848410531878e-12,25,28,72,16,13,0.5,steel,3.5,10
volta_refrattaria,0,NaN,120,374.629378215609,NaN,NaN,NaN,NaN,NaN,NaN,NaN,NaN,NaN,NaN,NaN,NaN,25,28,72,16,13,1,refractory,3.5,10
legna_4_5kg_h,1,34.1417555840294,34.1417555840294,450.000000000003,450.000000041208,446.559149243272,416.49699172939,473.391974020131,499.244625179141,6.97706082239248,0.0193104597227005,142.825014149489,1.29193385045696e-10,162.216564563116,131.466421209334,3.63797880709171e-12,25,28,72,16,13,1,steel,4.5,10
legna_4_5kg_h_pietra_20mm,1,58.6042786858979,58.6042786858979,450,450.000000032781,442.174480792765,421.758436822829,475.942648965665,501.378880979777,6.99285762070516,0.0193006080773255,100.425100149056,4.84436849884328e-10,207.110423981527,155.588514597817,4.54747350886464e-12,25,28,72,16,13,1,steel,4.5,20
