id;zona;quantita_di_studio;candidato;quote_riserve;fonte;codice_commerciale_selezionato;stato;gate;produzione_approvata
M01;Camera calda e collettore;1 camera + 1 collettore (kit da dettagliare);"Outokumpu Therma 310S / EN 1.4845; confronto 253 MA / EN 1.4835";Pelle 1,5 mm come C01, non verificata strutturalmente;S01;;da_qualificare_non_ordinabile;Resistenza a cicli, deformazioni/creep, saldatura, condensa, contaminanti e documentazione per uso alimentare. Il limite in aria non e un limite del forno completo.;False
M02;Zona fiamma, parti sacrificali e ripartitori di carico;2 ripartitori + protezioni fiamma da definire;"310S; alternativa 253 MA se il ciclo/ambiente ne giustifica il costo";Prova lamiera 1,5/2/3 mm, non modifica automatica della camera;S01;;da_qualificare_non_ordinabile;"Picchi di temperatura reali, deformazione, ossidazione, superficie pulibile, ripartizione carico pietra; niente fissaggio rigido acciaio-pietra.";False
M03;Scocca fredda, pannelli e telaio inferiore;1 kit scocca e telaio;"Inox 304 / EN 1.4301; 316L / EN 1.4404 da valutare con cloruri e installazione";"Scocca 1 mm C01; telaio e rinforzi da dimensionare";;;da_qualificare_non_ordinabile;"Ambiente, finitura, saldature e drenaggio; rigidita, appoggi, temperatura accessibile e bordi ripiegati non taglienti.";False
M04;Isolamento volta e pareti;"1 kit pareti/volta; metratura non definita";"ROCKWOOL ProRox WM 970 variante SW con rete/filo inox; WM 960 come confronto";"75 mm nominali; disponibilita dello spessore da confermare";S02;;da_qualificare_non_ordinabile;Temperatura della faccia calda, ritiro, binder e primo riscaldamento, giunti e assestamento. Mai esposta a fumi/alimenti, mai supporto portante. Nessuna pellicola alluminata sul lato caldo.;False
M05;Isolamento sotto piano e riempimento dei carrier;"1 kit sotto piano + riempimento 2 carrier; metratura non definita";"Famiglia Promat PROMASIL in silicato di calcio; grado esatto da qualificare";"50 mm nominali, chiuso in involucro; non assunto portante";S03;;da_qualificare_non_ordinabile;Grado/SDS, lambda(T), densita/cp, ritiro, umidita, resistenza e creep a caldo. Il nome di famiglia non autorizza a usare la resistenza di un altro prodotto.;False
M06;Piano fisso e due dischi;2 dischi + 1 kit piano fisso/focolare;"Cordierite specifica per piano alimentare; fornitura ancora non individuata";"Dischi Ø320 x 20; focolare 30 mm, prove 10/20/30 per cottura";;;da_qualificare_non_ordinabile;MOCA per uso previsto, lambda/cp/alpha, shock termico, resistenza a flessione, tolleranze/planarita e risultati pizza. Non scegliere solo per temperatura massima.;False
M07;Distanziali portanti tra ripartitore caldo e carrier;"2 gruppi di appoggi; numero/area da qualificare";"Supporti ceramici strutturali qualificati; composizione e fornitore da scegliere";Tre zone d'appoggio distribuite come schema, non tre carichi puntuali sulla pietra;;;da_qualificare_non_ordinabile;Compressione/creep a temperatura, flessione pietra, distribuzione carico, ponti termici, ritenzione dei frammenti e dilatazioni libere.;False
M08;Cuscinetti, alberi, motori e trasmissione;"2 moduli; ciascuno con 1 cartuccia e 1 motoriduttore";"Due cartucce portanti indipendenti e due motoriduttori 24 V; marche/codici non selezionati";"Moduli 240 x 180; cartuccia h45 e motore h70 sono riserve, non cataloghi";;;da_qualificare_non_ordinabile;Ingombri reali, carichi/coppia avvio, temperatura di anelli/grasso/tenute/avvolgimenti, uso continuo, bassa velocita, grado IP e ricambi.;False
M09;Camino, adattatore e terminale;"1 sistema; moduli/altezza effettiva da definire";"Schiedel SUPER ICS DN130 coibentato 25; confronto variante 50 su richiesta e DN150";"Catalogo: DN130/25 diametro esterno 180; tubo 7,68 kg/m; H1000 ha h utile 955";S04;;da_qualificare_non_ordinabile;Codice e DoP/istruzioni aggiornati per Italia, temperatura/fuliggine/combustibile, reale DN/esterno/flange, sostegno indipendente, vento e pulizia. T600 non certifica il forno o il collare artigianale.;False
