id;inlet_cm2;diameter_mm;height_m_from_hot_roof;mean_flue_C;minor_flue_K;extra_inlet_K;wind_Pa;door_open;pressure_floor_Pa;pressure_door_top_Pa;lambda_rear;lambda_total_inlets;rear_in_kg_h;rear_out_kg_h;door_in_kg_h;door_out_gas_kg_h;flue_gas_kg_h;reverse_flue;neutral_height_mm;mass_residual_kg_s;effective_inlet_Cd;air_stoich_kg_per_kg_dry;captation_validated;budget_comparison_lambda;budget_required_air_kg_h;budget_required_air_at_ambient_m3_h;budget_net_inlet_velocity_m_s;budget_static_head_Pa;budget_inlet_loss_Pa;budget_flue_loss_Pa;budget_wind_adverse_Pa;budget_margin_Pa;budget_is_combustion_or_safety_approval
RIFERIMENTO_MATLAB_60_H1;60;130;1;250;4;0;0;False;-4.014813076431524;-2.872937611734205;1.8657588777034129;1.8657588777034129;42.12253549350147;0.0;0;0;46.58653549350561;False;562.5570494233529;-1.1483869410966463e-15;0.65;6.271284271284271;False;2;45.15324675324676;38.13195587555795;1.7653683275721272;6.780212257490999;4.367308333619921;3.3797766831607645;0;-0.9668727592896871;False
A60_H1_Ka0;60;130;1.0;250;4;0;0;False;-4.014813076431524;-2.872937611734205;1.8657588777034129;1.8657588777034129;42.12253549350147;0.0;0;0;46.58653549350561;False;562.5570494233529;-1.1483869410966463e-15;0.65;6.271284271284271;False;2;45.15324675324676;38.13195587555795;1.7653683275721272;6.780212257490999;4.367308333619921;3.3797766831607645;0;-0.9668727592896871;False
A60_H1_Ka2;60;130;1.0;250;4;2;0;False;-4.912338541841164;-3.7704630771438445;1.527187422349611;1.527187422349611;34.47873525990343;0.0;0;0;38.9427352599006;False;688.3186398115025;7.840950111415168e-16;0.47853661299100175;6.271284271284271;False;2;45.15324675324676;38.13195587555795;1.7653683275721272;6.780212257490999;8.057683875528756;3.3797766831607645;0;-4.657248301198521;False
A60_H1_Ka4;60;130;1.0;250;4;4;0;False;-5.371510083154327;-4.229634618457007;1.3251428314476872;1.3251428314476872;29.917250625826746;0.0;0;0;34.381250625826205;False;752.6579210041151;1.5092094240998222e-16;0.3963119945523001;6.271284271284271;False;2;45.15324675324676;38.13195587555795;1.7653683275721272;6.780212257490999;11.74805941743759;3.3797766831607645;0;-8.347623843107355;False
A60_H1.5_Ka0;60;130;1.5;250;4;0;0;False;-5.417720585869732;-4.275845121172413;2.1831109662536865;2.1831109662536865;49.28727407448583;0.0;0;0;53.751274074487995;False;759.1329532322792;-6.019490461639521e-16;0.65;6.271284271284271;False;2;45.15324675324676;38.13195587555795;1.7653683275721272;9.278228179441717;4.367308333619921;3.4719524108833304;0;1.4389674349384651;False
A60_H1.5_Ka2;60;130;1.5;250;4;2;0;False;-6.656821114271288;-5.514945649573969;1.7883787213844369;1.7883787213844369;40.37555284746371;0.0;0;0;44.839552847465775;False;932.75616405834;-5.759281940243e-16;0.47853661299100175;6.271284271284271;False;2;45.15324675324676;38.13195587555795;1.7653683275721272;9.278228179441717;8.057683875528756;3.4719524108833304;0;-2.2514081069703695;False
A60_H1.5_Ka4;60;130;1.5;250;4;4;0;False;-7.2909294517874415;-6.149053987090122;1.5522663486661081;1.5522663486661081;35.044932734041076;0.0;0;0;39.508932734040535;False;1021.6076519300741;1.491862189340054e-16;0.3963119945523001;6.271284271284271;False;2;45.15324675324676;38.13195587555795;1.7653683275721272;9.278228179441717;11.74805941743759;3.4719524108833304;0;-5.941783648879204;False
A90_H1_Ka0;90;130;1.0;250;4;0;0;False;-2.721787584456977;-1.5799121197596575;2.273269366235078;2.273269366235078;51.322746315104666;0.0;0;0;55.786746315109255;False;381.3778533445869;-1.2750217548429532e-15;0.65;6.271284271284271;False;2;45.15324675324676;38.13195587555795;1.176912218381418;6.780212257490999;1.9410259260532987;3.3797766831607645;0;1.4594096482769356;False
A90_H1_Ka2;90;130;1.0;250;4;2;0;False;-3.6980807689990582;-2.5562053043017388;1.9726676111102723;1.9726676111102723;44.53617370329997;0.0;0;0;49.00017370330477;False;518.1764048119654;-1.3322676295501878e-15;0.47853661299100175;6.271284271284271;False;2;45.15324675324676;38.13195587555795;1.176912218381418;6.780212257490999;3.5811928335683363;3.3797766831607645;0;-0.18075725923810193;False
A90_H1_Ka4;90;130;1.0;250;4;4;0;False;-4.291903753087258;-3.1500282883899384;1.7674667818315974;1.7674667818315974;39.90343186410454;0.0;0;0;44.36743186410195;False;601.3830945005795;7.181755190543981e-16;0.3963119945523001;6.271284271284271;False;2;45.15324675324676;38.13195587555795;1.176912218381418;6.780212257490999;5.221359741083374;3.3797766831607645;0;-1.8209241667531395;False
A90_H1.5_Ka0;90;130;1.5;250;4;0;0;False;-3.6376833277625407;-2.495807863065221;2.6561627037171887;2.6561627037171887;59.967184988856644;0.0;0;0;64.43118498885372;False;509.7134936656923;8.153200337090993e-16;0.65;6.271284271284271;False;2;45.15324675324676;38.13195587555795;1.176912218381418;9.278228179441717;1.9410259260532987;3.4719524108833304;0;3.865249842505088;False
A90_H1.5_Ka2;90;130;1.5;250;4;2;0;False;-4.980989786870564;-3.839114322173245;2.3074570319308587;2.3074570319308587;52.09458836764423;0.0;0;0;56.55858836764634;False;697.9380769080126;-5.863365348801608e-16;0.47853661299100175;6.271284271284271;False;2;45.15324675324676;38.13195587555795;1.176912218381418;9.278228179441717;3.5811928335683363;3.4719524108833304;0;2.2250829349900507;False
A90_H1.5_Ka4;90;130;1.5;250;4;4;0;False;-5.80007491203833;-4.65819944734101;2.068652840373244;2.068652840373244;46.703196074088936;0.0;0;0;51.16719607409177;False;812.7085786645954;-7.875644580934704e-16;0.3963119945523001;6.271284271284271;False;2;45.15324675324676;38.13195587555795;1.176912218381418;9.278228179441717;5.221359741083374;3.4719524108833304;0;0.5849160274750127;False
A120_H1_Ka0;120;130;1.0;250;4;0;0;False;-1.9152142978907052;-0.7733388331933857;2.4964311960305534;2.4964311960305534;56.36098689843526;0.0;0;0;60.82498689843759;False;268.360514904084;-6.453171330633722e-16;0.65;6.271284271284271;False;2;45.15324675324676;38.13195587555795;0.8826841637860636;6.780212257490999;1.0918270834049804;3.3797766831607645;0;2.308608490925254;False
A120_H1_Ka2;120;130;1.0;250;4;2;0;False;-2.7788434150788817;-1.6369679503815622;2.2567149239426025;2.2567149239426025;50.94900290625742;0.0;0;0;55.413002906254945;False;389.3725368120389;6.869504964868156e-16;0.47853661299100175;6.271284271284271;False;2;45.15324675324676;38.13195587555795;0.8826841637860636;6.780212257490999;2.014420968882189;3.3797766831607645;0;1.3860146054480453;False
A120_H1_Ka4;120;130;1.0;250;4;4;0;False;-3.3776759743215083;-2.235800509624189;2.0757064997003187;2.0757064997003187;46.86244388414331;0.0;0;0;51.326443884148624;False;473.28116996952406;-1.4762496780562628e-15;0.3963119945523001;6.271284271284271;False;2;45.15324675324676;38.13195587555795;0.8826841637860636;6.780212257490999;2.9370148543593975;3.3797766831607645;0;0.4634207199708369;False
A120_H1.5_Ka0;120;130;1.5;250;4;0;0;False;-2.531917880933846;-1.3900424162365264;2.9140202408679863;2.9140202408679863;65.78873748993387;0.0;0;0;70.25273748993828;False;354.77324233146413;-1.2247147740396258e-15;0.65;6.271284271284271;False;2;45.15324675324676;38.13195587555795;0.8826841637860636;9.278228179441717;1.0918270834049804;3.4719524108833304;0;4.714448685153405;False
A120_H1.5_Ka2;120;130;1.5;250;4;2;0;False;-3.716050775515181;-2.5741753108178616;2.636997968494036;2.636997968494036;59.534509979610824;0.0;0;0;63.99850997960994;False;520.6943685755023;2.463307335887066e-16;0.47853661299100175;6.271284271284271;False;2;45.15324675324676;38.13195587555795;0.8826841637860636;9.278228179441717;2.014420968882189;3.4719524108833304;0;3.7918547996761975;False
A120_H1.5_Ka4;120;130;1.5;250;4;4;0;False;-4.539618916506347;-3.3977434518090277;2.427146267893918;2.427146267893918;54.796767170218025;0.0;0;0;59.260767170218436;False;636.0930321184793;-1.1449174941446927e-16;0.3963119945523001;6.271284271284271;False;2;45.15324675324676;38.13195587555795;0.8826841637860636;9.278228179441717;2.9370148543593975;3.4719524108833304;0;2.8692609141989895;False
C02_PUNTO_DI_CONFRONTO;90;130;1.5;250;4;2;0;False;-4.980989786870564;-3.839114322173245;2.3074570319308587;2.3074570319308587;52.09458836764423;0.0;0;0;56.55858836764634;False;697.9380769080126;-5.863365348801608e-16;0.47853661299100175;6.271284271284271;False;2;45.15324675324676;38.13195587555795;1.176912218381418;9.278228179441717;3.5811928335683363;3.4719524108833304;0;2.2250829349900507;False
C02_PORTA_APERTA;90;130;1.5;250;4;2;0;True;-0.6160089142110616;0.5258665504862579;0.6700065839767745;5.856750330058321;15.126486306301622;0.0;117.09916010633977;57.35511197243805;79.33453444025902;False;86.31539018127151;-1.5470263958761166e-14;0.47853661299100175;6.271284271284271;False;;;;;;;;;;
C02_FREDDO100_K8_VENTO3;90;130;1.5;100;8;2;3;False;-1.1001602726389166;0.041715192058402906;0.9948265575020151;0.9948265575020151;22.459824513785758;0.0;0;0;26.923824513795996;False;154.15485231472798;-2.8440791388639752e-15;0.47853661299100175;6.271284271284271;False;2;45.15324675324676;38.13195587555795;1.176912218381418;5.286356561434982;3.5811928335683363;4.755676127006027;3;-6.050512399139382;False
C02_T150_K8_VENTO3;90;130;1.5;150;8;2;3;False;-1.6917847585741712;-0.5499092938768517;1.2847150057569598;1.2847150057569598;29.00452683127142;0.0;0;0;33.46852683126985;False;237.05348765298052;4.371503159461554e-16;0.47853661299100175;6.271284271284271;False;2;45.15324675324676;38.13195587555795;1.176912218381418;6.931437216017852;3.5811928335683363;5.392909964203673;3;-5.042665581754157;False
C02_D150_CON_STESSE_IPOTESI;90;150;1.5;250;4;2;0;False;-6.3239636277392925;-5.182088163041973;2.612352882914443;2.612352882914443;58.978107164395695;0.0;0;0;63.442107164392304;False;886.1160535632464;9.43689570931383e-16;0.47853661299100175;6.271284271284271;False;2;45.15324675324676;38.13195587555795;1.176912218381418;9.278228179441717;3.5811928335683363;1.9379630700927435;0;3.7590722757806376;False
C02_WIND10_INVERSIONE_POSSIBILE;90;130;1.5;250;4;2;10;False;0.45999999318847584;1.6018754578857952;0.0;0.3411189806921141;0.0;12.16531475370027;0;0;-7.701314753703524;True;-64.45536416676184;9.037909309839165e-16;0.47853661299100175;6.271284271284271;False;2;45.15324675324676;38.13195587555795;1.176912218381418;9.278228179441717;3.5811928335683363;3.4719524108833304;10;-7.77491706500995;False
