ID, IOR, face center x(m), face center y(m), face center z(m)
floor_p2_C,   3,  0.587500000E+00,  0.212500000E+00,  0.000000000E+00
Time(s), Npoints, Npoints x Depth (m), Npoints x floor_p2_C
 0.0000000E+000,20, 0.0000000E+000, 1.0000000E-003, 3.0000000E-003, 7.0000000E-003, 1.5000000E-002, 2.3000000E-002, 2.7000000E-002, 2.9000000E-002, 3.0000000E-002, 3.0531915E-002, 3.1595745E-002, 3.3723404E-002, 3.7978723E-002, 4.6489362E-002, 6.3510638E-002, 7.2021277E-002, 7.6276596E-002, 7.8404255E-002, 7.9468085E-002, 8.0000000E-002, 2.5000000E+001, 2.5000000E+001, 2.5000000E+001, 2.5000000E+001, 2.5000000E+001, 2.5000000E+001, 2.5000000E+001, 2.5000000E+001, 2.5000000E+001, 2.5000000E+001, 2.5000000E+001, 2.5000000E+001, 2.5000000E+001, 2.5000000E+001, 2.5000000E+001, 2.5000000E+001, 2.5000000E+001, 2.5000000E+001, 2.5000000E+001, 2.5000000E+001
 3.0003136E+001,20, 0.0000000E+000, 1.0000000E-003, 3.0000000E-003, 7.0000000E-003, 1.5000000E-002, 2.3000000E-002, 2.7000000E-002, 2.9000000E-002, 3.0000000E-002, 3.0531915E-002, 3.1595745E-002, 3.3723404E-002, 3.7978723E-002, 4.6489362E-002, 6.3510638E-002, 7.2021277E-002, 7.6276596E-002, 7.8404255E-002, 7.9468085E-002, 8.0000000E-002, 2.5909463E+001, 2.5709300E+001, 2.5427722E+001, 2.5156795E+001, 2.5017336E+001, 2.5001282E+001, 2.5000278E+001, 2.5000151E+001, 2.5000118E+001, 2.5000091E+001, 2.5000043E+001, 2.5000010E+001, 2.5000001E+001, 2.5000000E+001, 2.5000000E+001, 2.5000000E+001, 2.5000000E+001, 2.5000000E+001, 2.5000000E+001, 2.5000000E+001
 6.0000256E+001,20, 0.0000000E+000, 1.0000000E-003, 3.0000000E-003, 7.0000000E-003, 1.5000000E-002, 2.3000000E-002, 2.7000000E-002, 2.9000000E-002, 3.0000000E-002, 3.0531915E-002, 3.1595745E-002, 3.3723404E-002, 3.7978723E-002, 4.6489362E-002, 6.3510638E-002, 7.2021277E-002, 7.6276596E-002, 7.8404255E-002, 7.9468085E-002, 8.0000000E-002, 2.9242886E+001, 2.8517243E+001, 2.7366725E+001, 2.6092053E+001, 2.5200262E+001, 2.5028678E+001, 2.5010777E+001, 2.5007834E+001, 2.5006782E+001, 2.5005694E+001, 2.5003407E+001, 2.5001270E+001, 2.5000199E+001, 2.5000009E+001, 2.5000000E+001, 2.5000000E+001, 2.5000000E+001, 2.5000000E+001, 2.5000000E+001, 2.5000000E+001
 9.0000275E+001,20, 0.0000000E+000, 1.0000000E-003, 3.0000000E-003, 7.0000000E-003, 1.5000000E-002, 2.3000000E-002, 2.7000000E-002, 2.9000000E-002, 3.0000000E-002, 3.0531915E-002, 3.1595745E-002, 3.3723404E-002, 3.7978723E-002, 4.6489362E-002, 6.3510638E-002, 7.2021277E-002, 7.6276596E-002, 7.8404255E-002, 7.9468085E-002, 8.0000000E-002, 3.2467056E+001, 3.1567354E+001, 3.0049543E+001, 2.7893353E+001, 2.5782126E+001, 2.5167409E+001, 2.5081760E+001, 2.5065979E+001, 2.5059255E+001, 2.5051502E+001, 2.5034097E+001, 2.5015295E+001, 2.5003334E+001, 2.5000225E+001, 2.5000002E+001, 2.5000000E+001, 2.5000000E+001, 2.5000000E+001, 2.5000000E+001, 2.5000000E+001
 1.2000242E+002,20, 0.0000000E+000, 1.0000000E-003, 3.0000000E-003, 7.0000000E-003, 1.5000000E-002, 2.3000000E-002, 2.7000000E-002, 2.9000000E-002, 3.0000000E-002, 3.0531915E-002, 3.1595745E-002, 3.3723404E-002, 3.7978723E-002, 4.6489362E-002, 6.3510638E-002, 7.2021277E-002, 7.6276596E-002, 7.8404255E-002, 7.9468085E-002, 8.0000000E-002, 3.5172483E+001, 3.4160540E+001, 3.2447604E+001, 2.9743079E+001, 2.6653650E+001, 2.5492997E+001, 2.5293801E+001, 2.5253918E+001, 2.5233794E+001, 2.5208480E+001, 2.5148603E+001, 2.5076089E+001, 2.5020869E+001, 2.5001927E+001, 2.5000023E+001, 2.5000001E+001, 2.5000000E+001, 2.5000000E+001, 2.5000000E+001, 2.5000000E+001
 1.5000166E+002,20, 0.0000000E+000, 1.0000000E-003, 3.0000000E-003, 7.0000000E-003, 1.5000000E-002, 2.3000000E-002, 2.7000000E-002, 2.9000000E-002, 3.0000000E-002, 3.0531915E-002, 3.1595745E-002, 3.3723404E-002, 3.7978723E-002, 4.6489362E-002, 6.3510638E-002, 7.2021277E-002, 7.6276596E-002, 7.8404255E-002, 7.9468085E-002, 8.0000000E-002, 3.7754142E+001, 3.6715100E+001, 3.4755649E+001, 3.1584822E+001, 2.7690074E+001, 2.6008819E+001, 2.5684665E+001, 2.5616401E+001, 2.5576826E+001, 2.5523929E+001, 2.5394119E+001, 2.5223044E+001, 2.5073244E+001, 2.5008802E+001, 2.5000144E+001, 2.5000008E+001, 2.5000001E+001, 2.5000001E+001, 2.5000000E+001, 2.5000000E+001
 1.8000127E+002,20, 0.0000000E+000, 1.0000000E-003, 3.0000000E-003, 7.0000000E-003, 1.5000000E-002, 2.3000000E-002, 2.7000000E-002, 2.9000000E-002, 3.0000000E-002, 3.0531915E-002, 3.1595745E-002, 3.3723404E-002, 3.7978723E-002, 4.6489362E-002, 6.3510638E-002, 7.2021277E-002, 7.6276596E-002, 7.8404255E-002, 7.9468085E-002, 8.0000000E-002, 4.0540771E+001, 3.9302626E+001, 3.7062126E+001, 3.3455482E+001, 2.8852839E+001, 2.6696846E+001, 2.6252211E+001, 2.6155392E+001, 2.6092756E+001, 2.6005484E+001, 2.5785847E+001, 2.5478625E+001, 2.5179894E+001, 2.5026877E+001, 2.5000570E+001, 2.5000041E+001, 2.5000009E+001, 2.5000004E+001, 2.5000003E+001, 2.5000003E+001
 2.1000276E+002,20, 0.0000000E+000, 1.0000000E-003, 3.0000000E-003, 7.0000000E-003, 1.5000000E-002, 2.3000000E-002, 2.7000000E-002, 2.9000000E-002, 3.0000000E-002, 3.0531915E-002, 3.1595745E-002, 3.3723404E-002, 3.7978723E-002, 4.6489362E-002, 6.3510638E-002, 7.2021277E-002, 7.6276596E-002, 7.8404255E-002, 7.9468085E-002, 8.0000000E-002, 4.3421409E+001, 4.2040561E+001, 3.9535388E+001, 3.5462023E+001, 3.0143457E+001, 2.7540638E+001, 2.6982544E+001, 2.6858092E+001, 2.6770269E+001, 2.6644256E+001, 2.6321404E+001, 2.5850041E+001, 2.5353677E+001, 2.5063077E+001, 2.5001683E+001, 2.5000146E+001, 2.5000036E+001, 2.5000018E+001, 2.5000014E+001, 2.5000013E+001
 2.4000175E+002,20, 0.0000000E+000, 1.0000000E-003, 3.0000000E-003, 7.0000000E-003, 1.5000000E-002, 2.3000000E-002, 2.7000000E-002, 2.9000000E-002, 3.0000000E-002, 3.0531915E-002, 3.1595745E-002, 3.3723404E-002, 3.7978723E-002, 4.6489362E-002, 6.3510638E-002, 7.2021277E-002, 7.6276596E-002, 7.8404255E-002, 7.9468085E-002, 8.0000000E-002, 4.6248205E+001, 4.4799016E+001, 4.2116217E+001, 3.7619152E+001, 3.1578859E+001, 2.8533837E+001, 2.7865100E+001, 2.7713307E+001, 2.7598617E+001, 2.7430539E+001, 2.6994350E+001, 2.6337259E+001, 2.5601613E+001, 2.5123904E+001, 2.5004038E+001, 2.5000416E+001, 2.5000115E+001, 2.5000063E+001, 2.5000050E+001, 2.5000046E+001
 2.7000186E+002,20, 0.0000000E+000, 1.0000000E-003, 3.0000000E-003, 7.0000000E-003, 1.5000000E-002, 2.3000000E-002, 2.7000000E-002, 2.9000000E-002, 3.0000000E-002, 3.0531915E-002, 3.1595745E-002, 3.3723404E-002, 3.7978723E-002, 4.6489362E-002, 6.3510638E-002, 7.2021277E-002, 7.6276596E-002, 7.8404255E-002, 7.9468085E-002, 8.0000000E-002, 4.9311835E+001, 4.7735377E+001, 4.4807815E+001, 3.9877151E+001, 3.3143324E+001, 2.9671645E+001, 2.8894508E+001, 2.8715444E+001, 2.8572345E+001, 2.8359235E+001, 2.7800786E+001, 2.6939325E+001, 2.5927720E+001, 2.5214881E+001, 2.5008345E+001, 2.5000996E+001, 2.5000306E+001, 2.5000177E+001, 2.5000142E+001, 2.5000130E+001
 3.0000067E+002,20, 0.0000000E+000, 1.0000000E-003, 3.0000000E-003, 7.0000000E-003, 1.5000000E-002, 2.3000000E-002, 2.7000000E-002, 2.9000000E-002, 3.0000000E-002, 3.0531915E-002, 3.1595745E-002, 3.3723404E-002, 3.7978723E-002, 4.6489362E-002, 6.3510638E-002, 7.2021277E-002, 7.6276596E-002, 7.8404255E-002, 7.9468085E-002, 8.0000000E-002, 5.2415170E+001, 5.0702971E+001, 4.7554840E+001, 4.2227986E+001, 3.4838042E+001, 3.0949588E+001, 3.0065798E+001, 2.9859527E+001, 2.9686687E+001, 2.9425977E+001, 2.8737521E+001, 2.7655348E+001, 2.6334905E+001, 2.5340628E+001, 2.5015440E+001, 2.5002097E+001, 2.5000702E+001, 2.5000423E+001, 2.5000343E+001, 2.5000315E+001
 3.3000079E+002,20, 0.0000000E+000, 1.0000000E-003, 3.0000000E-003, 7.0000000E-003, 1.5000000E-002, 2.3000000E-002, 2.7000000E-002, 2.9000000E-002, 3.0000000E-002, 3.0531915E-002, 3.1595745E-002, 3.3723404E-002, 3.7978723E-002, 4.6489362E-002, 6.3510638E-002, 7.2021277E-002, 7.6276596E-002, 7.8404255E-002, 7.9468085E-002, 8.0000000E-002, 5.5642626E+001, 5.3842540E+001, 5.0432139E+001, 4.4679162E+001, 3.6650220E+001, 3.2361785E+001, 3.1374181E+001, 3.1140978E+001, 3.0937284E+001, 3.0626758E+001, 2.9801534E+001, 2.8484184E+001, 2.6825233E+001, 2.5504985E+001, 2.5026256E+001, 2.5003990E+001, 2.5001437E+001, 2.5000896E+001, 2.5000734E+001, 2.5000674E+001
 3.6000195E+002,20, 0.0000000E+000, 1.0000000E-003, 3.0000000E-003, 7.0000000E-003, 1.5000000E-002, 2.3000000E-002, 2.7000000E-002, 2.9000000E-002, 3.0000000E-002, 3.0531915E-002, 3.1595745E-002, 3.3723404E-002, 3.7978723E-002, 4.6489362E-002, 6.3510638E-002, 7.2021277E-002, 7.6276596E-002, 7.8404255E-002, 7.9468085E-002, 8.0000000E-002, 5.9024226E+001, 5.7047638E+001, 5.3410472E+001, 4.7238041E+001, 3.8579436E+001, 3.3902293E+001, 3.2813532E+001, 3.2553736E+001, 3.2318303E+001, 3.1956149E+001, 3.0988561E+001, 2.9423686E+001, 2.7399815E+001, 2.5711066E+001, 2.5041792E+001, 2.5007012E+001, 2.5002688E+001, 2.5001723E+001, 2.5001421E+001, 2.5001307E+001
 3.9000043E+002,20, 0.0000000E+000, 1.0000000E-003, 3.0000000E-003, 7.0000000E-003, 1.5000000E-002, 2.3000000E-002, 2.7000000E-002, 2.9000000E-002, 3.0000000E-002, 3.0531915E-002, 3.1595745E-002, 3.3723404E-002, 3.7978723E-002, 4.6489362E-002, 6.3510638E-002, 7.2021277E-002, 7.6276596E-002, 7.8404255E-002, 7.9468085E-002, 8.0000000E-002, 6.2289828E+001, 6.0255676E+001, 5.6418162E+001, 4.9892688E+001, 4.0631620E+001, 3.5568347E+001, 3.4379437E+001, 3.4093110E+001, 3.3825094E+001, 3.3409673E+001, 3.2294724E+001, 3.0471450E+001, 2.8059047E+001, 2.5961399E+001, 2.5063096E+001, 2.5011554E+001, 2.5004673E+001, 2.5003064E+001, 2.5002544E+001, 2.5002341E+001
 4.2000311E+002,20, 0.0000000E+000, 1.0000000E-003, 3.0000000E-003, 7.0000000E-003, 1.5000000E-002, 2.3000000E-002, 2.7000000E-002, 2.9000000E-002, 3.0000000E-002, 3.0531915E-002, 3.1595745E-002, 3.3723404E-002, 3.7978723E-002, 4.6489362E-002, 6.3510638E-002, 7.2021277E-002, 7.6276596E-002, 7.8404255E-002, 7.9468085E-002, 8.0000000E-002, 6.5608184E+001, 6.3535645E+001, 5.9531205E+001, 5.2649001E+001, 4.2793981E+001, 3.7357055E+001, 3.6069827E+001, 3.5757109E+001, 3.5455705E+001, 3.4985435E+001, 3.3718321E+001, 3.1626352E+001, 2.8803457E+001, 2.6258190E+001, 2.5091257E+001, 2.5018066E+001, 2.5007656E+001, 2.5005115E+001, 2.5004269E+001, 2.5003931E+001
 4.5000073E+002,20, 0.0000000E+000, 1.0000000E-003, 3.0000000E-003, 7.0000000E-003, 1.5000000E-002, 2.3000000E-002, 2.7000000E-002, 2.9000000E-002, 3.0000000E-002, 3.0531915E-002, 3.1595745E-002, 3.3723404E-002, 3.7978723E-002, 4.6489362E-002, 6.3510638E-002, 7.2021277E-002, 7.6276596E-002, 7.8404255E-002, 7.9468085E-002, 8.0000000E-002, 6.9090747E+001, 6.6922764E+001, 6.2744921E+001, 5.5506976E+001, 4.5063606E+001, 3.9262487E+001, 3.7879197E+001, 3.7540401E+001, 3.7205000E+001, 3.6678605E+001, 3.5255350E+001, 3.2885768E+001, 2.9632545E+001, 2.6602938E+001, 2.5127349E+001, 2.5027036E+001, 2.5011930E+001, 2.5008101E+001, 2.5006789E+001, 2.5006256E+001
 4.8000305E+002,20, 0.0000000E+000, 1.0000000E-003, 3.0000000E-003, 7.0000000E-003, 1.5000000E-002, 2.3000000E-002, 2.7000000E-002, 2.9000000E-002, 3.0000000E-002, 3.0531915E-002, 3.1595745E-002, 3.3723404E-002, 3.7978723E-002, 4.6489362E-002, 6.3510638E-002, 7.2021277E-002, 7.6276596E-002, 7.8404255E-002, 7.9468085E-002, 8.0000000E-002, 7.2731368E+001, 7.0381800E+001, 6.6002989E+001, 5.8412191E+001, 4.7429766E+001, 4.1281475E+001, 3.9804591E+001, 3.9440038E+001, 3.9070100E+001, 3.8486447E+001, 3.6903497E+001, 3.4248262E+001, 3.0546443E+001, 2.6997239E+001, 2.5172486E+001, 2.5038998E+001, 2.5017832E+001, 2.5012277E+001, 2.5010327E+001, 2.5009521E+001
 5.1000128E+002,20, 0.0000000E+000, 1.0000000E-003, 3.0000000E-003, 7.0000000E-003, 1.5000000E-002, 2.3000000E-002, 2.7000000E-002, 2.9000000E-002, 3.0000000E-002, 3.0531915E-002, 3.1595745E-002, 3.3723404E-002, 3.7978723E-002, 4.6489362E-002, 6.3510638E-002, 7.2021277E-002, 7.6276596E-002, 7.8404255E-002, 7.9468085E-002, 8.0000000E-002, 7.6031917E+001, 7.3674865E+001, 6.9169443E+001, 6.1345197E+001, 4.9893863E+001, 4.3408944E+001, 4.1840620E+001, 4.1450666E+001, 4.1045800E+001, 4.0404011E+001, 3.8658545E+001, 3.5710909E+001, 3.1544202E+001, 2.7442095E+001, 2.5227744E+001, 2.5054510E+001, 2.5025721E+001, 2.5017921E+001, 2.5015121E+001, 2.5013947E+001
 5.4000061E+002,20, 0.0000000E+000, 1.0000000E-003, 3.0000000E-003, 7.0000000E-003, 1.5000000E-002, 2.3000000E-002, 2.7000000E-002, 2.9000000E-002, 3.0000000E-002, 3.0531915E-002, 3.1595745E-002, 3.3723404E-002, 3.7978723E-002, 4.6489362E-002, 6.3510638E-002, 7.2021277E-002, 7.6276596E-002, 7.8404255E-002, 7.9468085E-002, 8.0000000E-002, 7.9546478E+001, 7.7049194E+001, 7.2375881E+001, 6.4292104E+001, 5.2413633E+001, 4.5633229E+001, 4.3980404E+001, 4.3566245E+001, 4.3126412E+001, 4.2426026E+001, 4.0516191E+001, 3.7270751E+001, 3.2624716E+001, 2.7938320E+001, 2.5294184E+001, 2.5074156E+001, 2.5035981E+001, 2.5025331E+001, 2.5021431E+001, 2.5019774E+001
 5.7000269E+002,20, 0.0000000E+000, 1.0000000E-003, 3.0000000E-003, 7.0000000E-003, 1.5000000E-002, 2.3000000E-002, 2.7000000E-002, 2.9000000E-002, 3.0000000E-002, 3.0531915E-002, 3.1595745E-002, 3.3723404E-002, 3.7978723E-002, 4.6489362E-002, 6.3510638E-002, 7.2021277E-002, 7.6276596E-002, 7.8404255E-002, 7.9468085E-002, 8.0000000E-002, 8.3103503E+001, 8.0461540E+001, 7.5652953E+001, 6.7318698E+001, 5.5010203E+001, 4.7945256E+001, 4.6213054E+001, 4.5775868E+001, 4.5301382E+001, 4.4542591E+001, 4.2468365E+001, 3.8922641E+001, 3.3786162E+001, 2.8486489E+001, 2.5372845E+001, 2.5098536E+001, 2.5049015E+001, 2.5034823E+001, 2.5029531E+001, 2.5027257E+001
 6.0000146E+002,20, 0.0000000E+000, 1.0000000E-003, 3.0000000E-003, 7.0000000E-003, 1.5000000E-002, 2.3000000E-002, 2.7000000E-002, 2.9000000E-002, 3.0000000E-002, 3.0531915E-002, 3.1595745E-002, 3.3723404E-002, 3.7978723E-002, 4.6489362E-002, 6.3510638E-002, 7.2021277E-002, 7.6276596E-002, 7.8404255E-002, 7.9468085E-002, 8.0000000E-002, 8.6550206E+001, 8.3887068E+001, 7.8985634E+001, 7.0382493E+001, 5.7668638E+001, 5.0339761E+001, 4.8532284E+001, 4.8072891E+001, 4.7563995E+001, 4.6746984E+001, 4.4508517E+001, 4.0661093E+001, 3.5025719E+001, 2.9086780E+001, 2.5464732E+001, 2.5128261E+001, 2.5065242E+001, 2.5046725E+001, 2.5039706E+001, 2.5036658E+001
 6.3000122E+002,20, 0.0000000E+000, 1.0000000E-003, 3.0000000E-003, 7.0000000E-003, 1.5000000E-002, 2.3000000E-002, 2.7000000E-002, 2.9000000E-002, 3.0000000E-002, 3.0531915E-002, 3.1595745E-002, 3.3723404E-002, 3.7978723E-002, 4.6489362E-002, 6.3510638E-002, 7.2021277E-002, 7.6276596E-002, 7.8404255E-002, 7.9468085E-002, 8.0000000E-002, 9.0009978E+001, 8.7264501E+001, 8.2240668E+001, 7.3448028E+001, 6.0387862E+001, 5.2810865E+001, 5.0931956E+001, 5.0451192E+001, 4.9908210E+001, 4.9033309E+001, 4.6631178E+001, 4.2481493E+001, 3.6340627E+001, 2.9739098E+001, 2.5570810E+001, 2.5163946E+001, 2.5085088E+001, 2.5061376E+001, 2.5052250E+001, 2.5048251E+001
 6.6000079E+002,20, 0.0000000E+000, 1.0000000E-003, 3.0000000E-003, 7.0000000E-003, 1.5000000E-002, 2.3000000E-002, 2.7000000E-002, 2.9000000E-002, 3.0000000E-002, 3.0531915E-002, 3.1595745E-002, 3.3723404E-002, 3.7978723E-002, 4.6489362E-002, 6.3510638E-002, 7.2021277E-002, 7.6276596E-002, 7.8404255E-002, 7.9468085E-002, 8.0000000E-002, 9.3113667E+001, 9.0489441E+001, 8.5444608E+001, 7.6533271E+001, 6.3158924E+001, 5.5351364E+001, 5.3405155E+001, 5.2903909E+001, 5.2327250E+001, 5.1394938E+001, 4.8830149E+001, 4.4378535E+001, 3.7727460E+001, 3.0442777E+001, 2.5691946E+001, 2.5206191E+001, 2.5108979E+001, 2.5079111E+001, 2.5067456E+001, 2.5062307E+001
 6.9000189E+002,20, 0.0000000E+000, 1.0000000E-003, 3.0000000E-003, 7.0000000E-003, 1.5000000E-002, 2.3000000E-002, 2.7000000E-002, 2.9000000E-002, 3.0000000E-002, 3.0531915E-002, 3.1595745E-002, 3.3723404E-002, 3.7978723E-002, 4.6489362E-002, 6.3510638E-002, 7.2021277E-002, 7.6276596E-002, 7.8404255E-002, 7.9468085E-002, 8.0000000E-002, 9.6605615E+001, 9.3855284E+001, 8.8702957E+001, 7.9600917E+001, 6.5958467E+001, 5.7953352E+001, 5.5945840E+001, 5.5425323E+001, 5.4815562E+001, 5.3826533E+001, 5.1100640E+001, 4.6348302E+001, 3.9183762E+001, 3.1197477E+001, 2.5829034E+001, 2.5255613E+001, 2.5137354E+001, 2.5100282E+001, 2.5085630E+001, 2.5079110E+001
 7.2000159E+002,20, 0.0000000E+000, 1.0000000E-003, 3.0000000E-003, 7.0000000E-003, 1.5000000E-002, 2.3000000E-002, 2.7000000E-002, 2.9000000E-002, 3.0000000E-002, 3.0531915E-002, 3.1595745E-002, 3.3723404E-002, 3.7978723E-002, 4.6489362E-002, 6.3510638E-002, 7.2021277E-002, 7.6276596E-002, 7.8404255E-002, 7.9468085E-002, 8.0000000E-002, 1.0013570E+002, 9.7288839E+001, 9.1987813E+001, 8.2726261E+001, 6.8805163E+001, 6.0608393E+001, 5.8543942E+001, 5.8005279E+001, 5.7363179E+001, 5.6318501E+001, 5.3434118E+001, 4.8384087E+001, 4.0705381E+001, 3.2001964E+001, 2.5982783E+001, 2.5312772E+001, 2.5170625E+001, 2.5125217E+001, 2.5107059E+001, 2.5098925E+001
 7.5000195E+002,20, 0.0000000E+000, 1.0000000E-003, 3.0000000E-003, 7.0000000E-003, 1.5000000E-002, 2.3000000E-002, 2.7000000E-002, 2.9000000E-002, 3.0000000E-002, 3.0531915E-002, 3.1595745E-002, 3.3723404E-002, 3.7978723E-002, 4.6489362E-002, 6.3510638E-002, 7.2021277E-002, 7.6276596E-002, 7.8404255E-002, 7.9468085E-002, 8.0000000E-002, 1.0331787E+002, 1.0057855E+002, 9.5318118E+001, 8.5918148E+001, 7.1704909E+001, 6.3317075E+001, 6.1197034E+001, 6.0640648E+001, 5.9966697E+001, 5.8867149E+001, 5.5826351E+001, 5.0481576E+001, 4.2289250E+001, 3.2855511E+001, 2.6153966E+001, 2.5378259E+001, 2.5209223E+001, 2.5154262E+001, 2.5132045E+001, 2.5122033E+001
 7.8000146E+002,20, 0.0000000E+000, 1.0000000E-003, 3.0000000E-003, 7.0000000E-003, 1.5000000E-002, 2.3000000E-002, 2.7000000E-002, 2.9000000E-002, 3.0000000E-002, 3.0531915E-002, 3.1595745E-002, 3.3723404E-002, 3.7978723E-002, 4.6489362E-002, 6.3510638E-002, 7.2021277E-002, 7.6276596E-002, 7.8404255E-002, 7.9468085E-002, 8.0000000E-002, 1.0688111E+002, 1.0412114E+002, 9.8680137E+001, 8.9082338E+001, 7.4632691E+001, 6.6075266E+001, 6.3902246E+001, 6.3328632E+001, 6.2623222E+001, 6.1469396E+001, 5.8273741E+001, 5.2636536E+001, 4.3931459E+001, 3.3756504E+001, 2.6343145E+001, 2.5452582E+001, 2.5253534E+001, 2.5187729E+001, 2.5160861E+001, 2.5148685E+001
 8.1000226E+002,20, 0.0000000E+000, 1.0000000E-003, 3.0000000E-003, 7.0000000E-003, 1.5000000E-002, 2.3000000E-002, 2.7000000E-002, 2.9000000E-002, 3.0000000E-002, 3.0531915E-002, 3.1595745E-002, 3.3723404E-002, 3.7978723E-002, 4.6489362E-002, 6.3510638E-002, 7.2021277E-002, 7.6276596E-002, 7.8404255E-002, 7.9468085E-002, 8.0000000E-002, 1.1047623E+002, 1.0744213E+002, 1.0194773E+002, 9.2277257E+001, 7.7600739E+001, 6.8878896E+001, 6.6655807E+001, 6.6065711E+001, 6.5329399E+001, 6.4122095E+001, 6.0773613E+001, 5.4846708E+001, 4.5630049E+001, 3.4704105E+001, 2.6550968E+001, 2.5536287E+001, 2.5303966E+001, 2.5225947E+001, 2.5193794E+001, 2.5179148E+001
 8.4000153E+002,20, 0.0000000E+000, 1.0000000E-003, 3.0000000E-003, 7.0000000E-003, 1.5000000E-002, 2.3000000E-002, 2.7000000E-002, 2.9000000E-002, 3.0000000E-002, 3.0531915E-002, 3.1595745E-002, 3.3723404E-002, 3.7978723E-002, 4.6489362E-002, 6.3510638E-002, 7.2021277E-002, 7.6276596E-002, 7.8404255E-002, 7.9468085E-002, 8.0000000E-002, 1.1354278E+002, 1.1066786E+002, 1.0519449E+002, 9.5429581E+001, 8.0587988E+001, 7.1722988E+001, 6.9453058E+001, 6.8847162E+001, 6.8080481E+001, 6.6820495E+001, 6.3321262E+001, 5.7107719E+001, 4.7381570E+001, 3.5696684E+001, 2.6777850E+001, 2.5629821E+001, 2.5360868E+001, 2.5269201E+001, 2.5231094E+001, 2.5213654E+001
 8.7000293E+002,20, 0.0000000E+000, 1.0000000E-003, 3.0000000E-003, 7.0000000E-003, 1.5000000E-002, 2.3000000E-002, 2.7000000E-002, 2.9000000E-002, 3.0000000E-002, 3.0531915E-002, 3.1595745E-002, 3.3723404E-002, 3.7978723E-002, 4.6489362E-002, 6.3510638E-002, 7.2021277E-002, 7.6276596E-002, 7.8404255E-002, 7.9468085E-002, 8.0000000E-002, 1.1702346E+002, 1.1399462E+002, 1.0844979E+002, 9.8611889E+001, 8.3594927E+001, 7.4600724E+001, 7.2288433E+001, 7.1667789E+001, 7.0871489E+001, 6.9559897E+001, 6.5912656E+001, 5.9416340E+001, 4.9183625E+001, 3.6733173E+001, 2.7024264E+001, 2.5733647E+001, 2.5424600E+001, 2.5317782E+001, 2.5273015E+001, 2.5252439E+001
 9.0000085E+002,20, 0.0000000E+000, 1.0000000E-003, 3.0000000E-003, 7.0000000E-003, 1.5000000E-002, 2.3000000E-002, 2.7000000E-002, 2.9000000E-002, 3.0000000E-002, 3.0531915E-002, 3.1595745E-002, 3.3723404E-002, 3.7978723E-002, 4.6489362E-002, 6.3510638E-002, 7.2021277E-002, 7.6276596E-002, 7.8404255E-002, 7.9468085E-002, 8.0000000E-002, 1.2016978E+002, 1.1728889E+002, 1.1172001E+002, 1.0178125E+002, 8.6614665E+001, 7.7507114E+001, 7.5156059E+001, 7.4521524E+001, 7.3696366E+001, 7.2334328E+001, 6.8542142E+001, 6.1767731E+001, 5.1032780E+001, 3.7812031E+001, 2.7290521E+001, 2.5848152E+001, 2.5495471E+001, 2.5371945E+001, 2.5319782E+001, 2.5295710E+001
 9.3000232E+002,20, 0.0000000E+000, 1.0000000E-003, 3.0000000E-003, 7.0000000E-003, 1.5000000E-002, 2.3000000E-002, 2.7000000E-002, 2.9000000E-002, 3.0000000E-002, 3.0531915E-002, 3.1595745E-002, 3.3723404E-002, 3.7978723E-002, 4.6489362E-002, 6.3510638E-002, 7.2021277E-002, 7.6276596E-002, 7.8404255E-002, 7.9468085E-002, 8.0000000E-002, 1.2360698E+002, 1.2064698E+002, 1.1496649E+002, 1.0495296E+002, 8.9653890E+001, 8.0439311E+001, 7.8052055E+001, 7.7404335E+001, 7.6551061E+001, 7.5139749E+001, 7.1205773E+001, 6.4158271E+001, 5.2926275E+001, 3.8932080E+001, 2.7576978E+001, 2.5973734E+001, 2.5573799E+001, 2.5431948E+001, 2.5371620E+001, 2.5343676E+001
 9.6000061E+002,20, 0.0000000E+000, 1.0000000E-003, 3.0000000E-003, 7.0000000E-003, 1.5000000E-002, 2.3000000E-002, 2.7000000E-002, 2.9000000E-002, 3.0000000E-002, 3.0531915E-002, 3.1595745E-002, 3.3723404E-002, 3.7978723E-002, 4.6489362E-002, 6.3510638E-002, 7.2021277E-002, 7.6276596E-002, 7.8404255E-002, 7.9468085E-002, 8.0000000E-002, 1.2701696E+002, 1.2406019E+002, 1.1837703E+002, 1.0823248E+002, 9.2726852E+001, 8.3396301E+001, 8.0973353E+001, 8.0312759E+001, 7.9431955E+001, 7.7972377E+001, 7.3899425E+001, 6.6583668E+001, 5.4860430E+001, 4.0091450E+001, 2.7883772E+001, 2.6110685E+001, 2.5659829E+001, 2.5497995E+001, 2.5428709E+001, 2.5396505E+001
 9.9000250E+002,20, 0.0000000E+000, 1.0000000E-003, 3.0000000E-003, 7.0000000E-003, 1.5000000E-002, 2.3000000E-002, 2.7000000E-002, 2.9000000E-002, 3.0000000E-002, 3.0531915E-002, 3.1595745E-002, 3.3723404E-002, 3.7978723E-002, 4.6489362E-002, 6.3510638E-002, 7.2021277E-002, 7.6276596E-002, 7.8404255E-002, 7.9468085E-002, 8.0000000E-002, 1.3019241E+002, 1.2723147E+002, 1.2154023E+002, 1.1139100E+002, 9.5814047E+001, 8.6381838E+001, 8.3922965E+001, 8.3249407E+001, 8.2341334E+001, 8.0834026E+001, 7.6623741E+001, 6.9043085E+001, 5.6833542E+001, 4.1289128E+001, 2.8211202E+001, 2.6259359E+001, 2.5753845E+001, 2.5570320E+001, 2.5491253E+001, 2.5454384E+001
 1.0200018E+003,20, 0.0000000E+000, 1.0000000E-003, 3.0000000E-003, 7.0000000E-003, 1.5000000E-002, 2.3000000E-002, 2.7000000E-002, 2.9000000E-002, 3.0000000E-002, 3.0531915E-002, 3.1595745E-002, 3.3723404E-002, 3.7978723E-002, 4.6489362E-002, 6.3510638E-002, 7.2021277E-002, 7.6276596E-002, 7.8404255E-002, 7.9468085E-002, 8.0000000E-002, 1.3377239E+002, 1.3060398E+002, 1.2483548E+002, 1.1459393E+002, 9.8901260E+001, 8.9385743E+001, 8.6895918E+001, 8.6210478E+001, 8.5275827E+001, 8.3721744E+001, 7.9376557E+001, 7.1534684E+001, 5.8843417E+001, 4.2523463E+001, 2.8559317E+001, 2.6419984E+001, 2.5856050E+001, 2.5649091E+001, 2.5559402E+001, 2.5517452E+001
 1.0500001E+003,20, 0.0000000E+000, 1.0000000E-003, 3.0000000E-003, 7.0000000E-003, 1.5000000E-002, 2.3000000E-002, 2.7000000E-002, 2.9000000E-002, 3.0000000E-002, 3.0531915E-002, 3.1595745E-002, 3.3723404E-002, 3.7978723E-002, 4.6489362E-002, 6.3510638E-002, 7.2021277E-002, 7.6276596E-002, 7.8404255E-002, 7.9468085E-002, 8.0000000E-002, 1.3665915E+002, 1.3364407E+002, 1.2794349E+002, 1.1774236E+002, 1.0199539E+002, 9.2405002E+001, 8.9886537E+001, 8.9189854E+001, 8.8229330E+001, 8.6629605E+001, 8.2152578E+001, 7.4054433E+001, 6.0887386E+001, 4.3792846E+001, 2.8928087E+001, 2.6592739E+001, 2.5966611E+001, 2.5734450E+001, 2.5633278E+001, 2.5585824E+001
 1.0800010E+003,20, 0.0000000E+000, 1.0000000E-003, 3.0000000E-003, 7.0000000E-003, 1.5000000E-002, 2.3000000E-002, 2.7000000E-002, 2.9000000E-002, 3.0000000E-002, 3.0531915E-002, 3.1595745E-002, 3.3723404E-002, 3.7978723E-002, 4.6489362E-002, 6.3510638E-002, 7.2021277E-002, 7.6276596E-002, 7.8404255E-002, 7.9468085E-002, 8.0000000E-002, 1.3975547E+002, 1.3685724E+002, 1.3115560E+002, 1.2088973E+002, 1.0507913E+002, 9.5434486E+001, 9.2891847E+001, 9.2184917E+001, 9.1199337E+001, 8.9555195E+001, 8.4949576E+001, 7.6600364E+001, 6.2963952E+001, 4.5096571E+001, 2.9317710E+001, 2.6777892E+001, 2.6085749E+001, 2.5826579E+001, 2.5713043E+001, 2.5659649E+001
 1.1100006E+003,20, 0.0000000E+000, 1.0000000E-003, 3.0000000E-003, 7.0000000E-003, 1.5000000E-002, 2.3000000E-002, 2.7000000E-002, 2.9000000E-002, 3.0000000E-002, 3.0531915E-002, 3.1595745E-002, 3.3723404E-002, 3.7978723E-002, 4.6489362E-002, 6.3510638E-002, 7.2021277E-002, 7.6276596E-002, 7.8404255E-002, 7.9468085E-002, 8.0000000E-002, 1.4328883E+002, 1.4009686E+002, 1.3434959E+002, 1.2406506E+002, 1.0817344E+002, 9.8470508E+001, 9.5905461E+001, 9.5188914E+001, 9.4179104E+001, 9.2491900E+001, 8.7761396E+001, 7.9167283E+001, 6.5069339E+001, 4.6432579E+001, 2.9727950E+001, 2.6975499E+001, 2.6213544E+001, 2.5925550E+001, 2.5798761E+001, 2.5738984E+001
 1.1400028E+003,20, 0.0000000E+000, 1.0000000E-003, 3.0000000E-003, 7.0000000E-003, 1.5000000E-002, 2.3000000E-002, 2.7000000E-002, 2.9000000E-002, 3.0000000E-002, 3.0531915E-002, 3.1595745E-002, 3.3723404E-002, 3.7978723E-002, 4.6489362E-002, 6.3510638E-002, 7.2021277E-002, 7.6276596E-002, 7.8404255E-002, 7.9468085E-002, 8.0000000E-002, 1.4621279E+002, 1.4317963E+002, 1.3746819E+002, 1.2719949E+002, 1.1127112E+002, 1.0151540E+002, 9.8928373E+001, 9.8202389E+001, 9.7168899E+001, 9.5439619E+001, 9.0587079E+001, 8.1753379E+001, 6.7201680E+001, 4.7799933E+001, 3.0158891E+001, 2.7185749E+001, 2.6350162E+001, 2.6031501E+001, 2.5890551E+001, 2.5823943E+001
 1.1700028E+003,20, 0.0000000E+000, 1.0000000E-003, 3.0000000E-003, 7.0000000E-003, 1.5000000E-002, 2.3000000E-002, 2.7000000E-002, 2.9000000E-002, 3.0000000E-002, 3.0531915E-002, 3.1595745E-002, 3.3723404E-002, 3.7978723E-002, 4.6489362E-002, 6.3510638E-002, 7.2021277E-002, 7.6276596E-002, 7.8404255E-002, 7.9468085E-002, 8.0000000E-002, 1.4975394E+002, 1.4658546E+002, 1.4070557E+002, 1.3032694E+002, 1.1435748E+002, 1.0456435E+002, 1.0195821E+002, 1.0122343E+002, 1.0016692E+002, 9.8396597E+001, 9.3424867E+001, 8.4356568E+001, 6.9358568E+001, 4.9196987E+001, 3.0610354E+001, 2.7408699E+001, 2.6495677E+001, 2.6144498E+001, 2.5988473E+001, 2.5914579E+001
 1.2000009E+003,20, 0.0000000E+000, 1.0000000E-003, 3.0000000E-003, 7.0000000E-003, 1.5000000E-002, 2.3000000E-002, 2.7000000E-002, 2.9000000E-002, 3.0000000E-002, 3.0531915E-002, 3.1595745E-002, 3.3723404E-002, 3.7978723E-002, 4.6489362E-002, 6.3510638E-002, 7.2021277E-002, 7.6276596E-002, 7.8404255E-002, 7.9468085E-002, 8.0000000E-002, 1.5279013E+002, 1.4977579E+002, 1.4396941E+002, 1.3355716E+002, 1.1747100E+002, 1.0761803E+002, 1.0499189E+002, 1.0424844E+002, 1.0316947E+002, 1.0135915E+002, 9.6271188E+001, 8.6973645E+001, 7.1537294E+001, 5.0621882E+001, 3.1082022E+001, 2.7644320E+001, 2.6650105E+001, 2.6264561E+001, 2.6092546E+001, 2.6010908E+001
 1.2300026E+003,20, 0.0000000E+000, 1.0000000E-003, 3.0000000E-003, 7.0000000E-003, 1.5000000E-002, 2.3000000E-002, 2.7000000E-002, 2.9000000E-002, 3.0000000E-002, 3.0531915E-002, 3.1595745E-002, 3.3723404E-002, 3.7978723E-002, 4.6489362E-002, 6.3510638E-002, 7.2021277E-002, 7.6276596E-002, 7.8404255E-002, 7.9468085E-002, 8.0000000E-002, 1.5594903E+002, 1.5292128E+002, 1.4711229E+002, 1.3668816E+002, 1.2058216E+002, 1.1068176E+002, 1.0803471E+002, 1.0728233E+002, 1.0618108E+002, 1.0433120E+002, 9.9128487E+001, 8.9605187E+001, 7.3737166E+001, 5.2073933E+001, 3.1573917E+001, 2.7892742E+001, 2.6813563E+001, 2.6391788E+001, 2.6202853E+001, 2.6113010E+001
 1.2600023E+003,20, 0.0000000E+000, 1.0000000E-003, 3.0000000E-003, 7.0000000E-003, 1.5000000E-002, 2.3000000E-002, 2.7000000E-002, 2.9000000E-002, 3.0000000E-002, 3.0531915E-002, 3.1595745E-002, 3.3723404E-002, 3.7978723E-002, 4.6489362E-002, 6.3510638E-002, 7.2021277E-002, 7.6276596E-002, 7.8404255E-002, 7.9468085E-002, 8.0000000E-002, 1.5885067E+002, 1.5589968E+002, 1.5017124E+002, 1.3981099E+002, 1.2368672E+002, 1.1374899E+002, 1.1108388E+002, 1.1032321E+002, 1.0920020E+002, 1.0731154E+002, 1.0199613E+002, 9.2250619E+001, 7.5956824E+001, 5.3551637E+001, 3.2085707E+001, 2.8153907E+001, 2.6986041E+001, 2.6526176E+001, 2.6319395E+001, 2.6220883E+001
 1.2900024E+003,20, 0.0000000E+000, 1.0000000E-003, 3.0000000E-003, 7.0000000E-003, 1.5000000E-002, 2.3000000E-002, 2.7000000E-002, 2.9000000E-002, 3.0000000E-002, 3.0531915E-002, 3.1595745E-002, 3.3723404E-002, 3.7978723E-002, 4.6489362E-002, 6.3510638E-002, 7.2021277E-002, 7.6276596E-002, 7.8404255E-002, 7.9468085E-002, 8.0000000E-002, 1.6194190E+002, 1.5900899E+002, 1.5327058E+002, 1.4290385E+002, 1.2677953E+002, 1.1681621E+002, 1.1413553E+002, 1.1336719E+002, 1.1222304E+002, 1.1029656E+002, 1.0487110E+002, 9.4907820E+001, 7.8194807E+001, 5.5053736E+001, 3.2617068E+001, 2.8427742E+001, 2.7167518E+001, 2.6667715E+001, 2.6442162E+001, 2.6334518E+001
 1.3200006E+003,20, 0.0000000E+000, 1.0000000E-003, 3.0000000E-003, 7.0000000E-003, 1.5000000E-002, 2.3000000E-002, 2.7000000E-002, 2.9000000E-002, 3.0000000E-002, 3.0531915E-002, 3.1595745E-002, 3.3723404E-002, 3.7978723E-002, 4.6489362E-002, 6.3510638E-002, 7.2021277E-002, 7.6276596E-002, 7.8404255E-002, 7.9468085E-002, 8.0000000E-002, 1.6507479E+002, 1.6211469E+002, 1.5634331E+002, 1.4597980E+002, 1.2985920E+002, 1.1987967E+002, 1.1718613E+002, 1.1641079E+002, 1.1524620E+002, 1.1328301E+002, 1.0775048E+002, 9.7574487E+001, 8.0449496E+001, 5.6579164E+001, 3.3167711E+001, 2.8714181E+001, 2.7357972E+001, 2.6816390E+001, 2.6571143E+001, 2.6453904E+001
 1.3500006E+003,20, 0.0000000E+000, 1.0000000E-003, 3.0000000E-003, 7.0000000E-003, 1.5000000E-002, 2.3000000E-002, 2.7000000E-002, 2.9000000E-002, 3.0000000E-002, 3.0531915E-002, 3.1595745E-002, 3.3723404E-002, 3.7978723E-002, 4.6489362E-002, 6.3510638E-002, 7.2021277E-002, 7.6276596E-002, 7.8404255E-002, 7.9468085E-002, 8.0000000E-002, 1.6833917E+002, 1.6519541E+002, 1.5945713E+002, 1.4908198E+002, 1.3293491E+002, 1.2293824E+002, 1.2023325E+002, 1.1945139E+002, 1.1826702E+002, 1.1626823E+002, 1.1063172E+002, 1.0024840E+002, 8.2719298E+001, 5.8126995E+001, 3.3737391E+001, 2.9013170E+001, 2.7557384E+001, 2.6972193E+001, 2.6706328E+001, 2.6579033E+001
 1.3800004E+003,20, 0.0000000E+000, 1.0000000E-003, 3.0000000E-003, 7.0000000E-003, 1.5000000E-002, 2.3000000E-002, 2.7000000E-002, 2.9000000E-002, 3.0000000E-002, 3.0531915E-002, 3.1595745E-002, 3.3723404E-002, 3.7978723E-002, 4.6489362E-002, 6.3510638E-002, 7.2021277E-002, 7.6276596E-002, 7.8404255E-002, 7.9468085E-002, 8.0000000E-002, 1.7114532E+002, 1.6818872E+002, 1.6247407E+002, 1.5213880E+002, 1.3600789E+002, 1.2599357E+002, 1.2327663E+002, 1.2248825E+002, 1.2128455E+002, 1.1925101E+002, 1.1351302E+002, 1.0292724E+002, 8.5001976E+001, 5.9695784E+001, 3.4325673E+001, 2.9324540E+001, 2.7765661E+001, 2.7135052E+001, 2.6847657E+001, 2.6709847E+001
 1.4100010E+003,20, 0.0000000E+000, 1.0000000E-003, 3.0000000E-003, 7.0000000E-003, 1.5000000E-002, 2.3000000E-002, 2.7000000E-002, 2.9000000E-002, 3.0000000E-002, 3.0531915E-002, 3.1595745E-002, 3.3723404E-002, 3.7978723E-002, 4.6489362E-002, 6.3510638E-002, 7.2021277E-002, 7.6276596E-002, 7.8404255E-002, 7.9468085E-002, 8.0000000E-002, 1.7427174E+002, 1.7129652E+002, 1.6557170E+002, 1.5521809E+002, 1.3907180E+002, 1.2904413E+002, 1.2631665E+002, 1.2552211E+002, 1.2429957E+002, 1.2223208E+002, 1.1639488E+002, 1.0561089E+002, 8.7296715E+001, 6.1284748E+001, 3.4932342E+001, 2.9648235E+001, 2.7982779E+001, 2.7304950E+001, 2.6995115E+001, 2.6846332E+001
 1.4400018E+003,20, 0.0000000E+000, 1.0000000E-003, 3.0000000E-003, 7.0000000E-003, 1.5000000E-002, 2.3000000E-002, 2.7000000E-002, 2.9000000E-002, 3.0000000E-002, 3.0531915E-002, 3.1595745E-002, 3.3723404E-002, 3.7978723E-002, 4.6489362E-002, 6.3510638E-002, 7.2021277E-002, 7.6276596E-002, 7.8404255E-002, 7.9468085E-002, 8.0000000E-002, 1.7753388E+002, 1.7450328E+002, 1.6870577E+002, 1.5830068E+002, 1.4213349E+002, 1.3209044E+002, 1.2935236E+002, 1.2855176E+002, 1.2731079E+002, 1.2521011E+002, 1.1927590E+002, 1.0829792E+002, 8.9602022E+001, 6.2892574E+001, 3.5556941E+001, 2.9984058E+001, 2.8208617E+001, 2.7481796E+001, 2.7148620E+001, 2.6988413E+001
 1.4700006E+003,20, 0.0000000E+000, 1.0000000E-003, 3.0000000E-003, 7.0000000E-003, 1.5000000E-002, 2.3000000E-002, 2.7000000E-002, 2.9000000E-002, 3.0000000E-002, 3.0531915E-002, 3.1595745E-002, 3.3723404E-002, 3.7978723E-002, 4.6489362E-002, 6.3510638E-002, 7.2021277E-002, 7.6276596E-002, 7.8404255E-002, 7.9468085E-002, 8.0000000E-002, 1.8041507E+002, 1.7745284E+002, 1.7171191E+002, 1.6134784E+002, 1.4519337E+002, 1.3513358E+002, 1.3238447E+002, 1.3157780E+002, 1.3031871E+002, 1.2818542E+002, 1.2215599E+002, 1.1098767E+002, 9.1916742E+001, 6.4518136E+001, 3.6199038E+001, 3.0331818E+001, 2.8443058E+001, 2.7665497E+001, 2.7308094E+001, 2.7136014E+001
 1.5000015E+003,20, 0.0000000E+000, 1.0000000E-003, 3.0000000E-003, 7.0000000E-003, 1.5000000E-002, 2.3000000E-002, 2.7000000E-002, 2.9000000E-002, 3.0000000E-002, 3.0531915E-002, 3.1595745E-002, 3.3723404E-002, 3.7978723E-002, 4.6489362E-002, 6.3510638E-002, 7.2021277E-002, 7.6276596E-002, 7.8404255E-002, 7.9468085E-002, 8.0000000E-002, 1.8335232E+002, 1.8035225E+002, 1.7464784E+002, 1.6433980E+002, 1.4823145E+002, 1.3817113E+002, 1.3541308E+002, 1.3460076E+002, 1.3332395E+002, 1.3115872E+002, 1.2503586E+002, 1.1368054E+002, 9.4240663E+001, 6.6160848E+001, 3.6858375E+001, 3.0691408E+001, 2.8686036E+001, 2.7856005E+001, 2.7473491E+001, 2.7289095E+001
 1.5300000E+003,20, 0.0000000E+000, 1.0000000E-003, 3.0000000E-003, 7.0000000E-003, 1.5000000E-002, 2.3000000E-002, 2.7000000E-002, 2.9000000E-002, 3.0000000E-002, 3.0531915E-002, 3.1595745E-002, 3.3723404E-002, 3.7978723E-002, 4.6489362E-002, 6.3510638E-002, 7.2021277E-002, 7.6276596E-002, 7.8404255E-002, 7.9468085E-002, 8.0000000E-002, 1.8639274E+002, 1.8334751E+002, 1.7762868E+002, 1.6733438E+002, 1.5125217E+002, 1.4119725E+002, 1.3843309E+002, 1.3761583E+002, 1.3632197E+002, 1.3412578E+002, 1.2791216E+002, 1.1637427E+002, 9.6572161E+001, 6.7819301E+001, 3.7534317E+001, 3.1062506E+001, 2.8937342E+001, 2.8053153E+001, 2.7644668E+001, 2.7447522E+001
 1.5600023E+003,20, 0.0000000E+000, 1.0000000E-003, 3.0000000E-003, 7.0000000E-003, 1.5000000E-002, 2.3000000E-002, 2.7000000E-002, 2.9000000E-002, 3.0000000E-002, 3.0531915E-002, 3.1595745E-002, 3.3723404E-002, 3.7978723E-002, 4.6489362E-002, 6.3510638E-002, 7.2021277E-002, 7.6276596E-002, 7.8404255E-002, 7.9468085E-002, 8.0000000E-002, 1.8917496E+002, 1.8621483E+002, 1.8055224E+002, 1.7030134E+002, 1.5425867E+002, 1.4421228E+002, 1.4144299E+002, 1.4062113E+002, 1.3931076E+002, 1.3708458E+002, 1.3078288E+002, 1.1906724E+002, 9.8910314E+001, 6.9492935E+001, 3.8226572E+001, 3.1444969E+001, 2.9196882E+001, 2.8256870E+001, 2.7821561E+001, 2.7611234E+001
 1.5900017E+003,20, 0.0000000E+000, 1.0000000E-003, 3.0000000E-003, 7.0000000E-003, 1.5000000E-002, 2.3000000E-002, 2.7000000E-002, 2.9000000E-002, 3.0000000E-002, 3.0531915E-002, 3.1595745E-002, 3.3723404E-002, 3.7978723E-002, 4.6489362E-002, 6.3510638E-002, 7.2021277E-002, 7.6276596E-002, 7.8404255E-002, 7.9468085E-002, 8.0000000E-002, 1.9208531E+002, 1.8914303E+002, 1.8350476E+002, 1.7327781E+002, 1.5725771E+002, 1.4721634E+002, 1.4444225E+002, 1.4361599E+002, 1.4228960E+002, 1.4003428E+002, 1.3364696E+002, 1.2175815E+002, 1.0125389E+002, 7.1180936E+001, 3.8934762E+001, 3.1838602E+001, 2.9464528E+001, 2.8467052E+001, 2.8004080E+001, 2.7780147E+001
 1.6200007E+003,20, 0.0000000E+000, 1.0000000E-003, 3.0000000E-003, 7.0000000E-003, 1.5000000E-002, 2.3000000E-002, 2.7000000E-002, 2.9000000E-002, 3.0000000E-002, 3.0531915E-002, 3.1595745E-002, 3.3723404E-002, 3.7978723E-002, 4.6489362E-002, 6.3510638E-002, 7.2021277E-002, 7.6276596E-002, 7.8404255E-002, 7.9468085E-002, 8.0000000E-002, 1.9494805E+002, 1.9198638E+002, 1.8635991E+002, 1.7619570E+002, 1.6023915E+002, 1.5020912E+002, 1.4743051E+002, 1.4659996E+002, 1.4525793E+002, 1.4297416E+002, 1.3650327E+002, 1.2444535E+002, 1.0360102E+002, 7.2881841E+001, 3.9658233E+001, 3.2243048E+001, 2.9740038E+001, 2.8683509E+001, 2.8192057E+001, 2.7954106E+001
 1.6500005E+003,20, 0.0000000E+000, 1.0000000E-003, 3.0000000E-003, 7.0000000E-003, 1.5000000E-002, 2.3000000E-002, 2.7000000E-002, 2.9000000E-002, 3.0000000E-002, 3.0531915E-002, 3.1595745E-002, 3.3723404E-002, 3.7978723E-002, 4.6489362E-002, 6.3510638E-002, 7.2021277E-002, 7.6276596E-002, 7.8404255E-002, 7.9468085E-002, 8.0000000E-002, 1.9782792E+002, 1.9489554E+002, 1.8925135E+002, 1.7909902E+002, 1.6319591E+002, 1.5318758E+002, 1.5040687E+002, 1.4957257E+002, 1.4821545E+002, 1.4590409E+002, 1.3935195E+002, 1.2712904E+002, 1.0595160E+002, 7.4595298E+001, 4.0396779E+001, 3.2658197E+001, 3.0023336E+001, 2.8906181E+001, 2.8385440E+001, 2.8133061E+001
 1.6800026E+003,20, 0.0000000E+000, 1.0000000E-003, 3.0000000E-003, 7.0000000E-003, 1.5000000E-002, 2.3000000E-002, 2.7000000E-002, 2.9000000E-002, 3.0000000E-002, 3.0531915E-002, 3.1595745E-002, 3.3723404E-002, 3.7978723E-002, 4.6489362E-002, 6.3510638E-002, 7.2021277E-002, 7.6276596E-002, 7.8404255E-002, 7.9468085E-002, 8.0000000E-002, 2.0076870E+002, 1.9782167E+002, 1.9219556E+002, 1.8204205E+002, 1.6614812E+002, 1.5615191E+002, 1.5336917E+002, 1.5253135E+002, 1.5115965E+002, 1.4882158E+002, 1.4219073E+002, 1.2980749E+002, 1.0830439E+002, 7.6320323E+001, 4.1149906E+001, 3.3083774E+001, 3.0314236E+001, 2.9134918E+001, 2.8584097E+001, 2.8316890E+001
 1.7100006E+003,20, 0.0000000E+000, 1.0000000E-003, 3.0000000E-003, 7.0000000E-003, 1.5000000E-002, 2.3000000E-002, 2.7000000E-002, 2.9000000E-002, 3.0000000E-002, 3.0531915E-002, 3.1595745E-002, 3.3723404E-002, 3.7978723E-002, 4.6489362E-002, 6.3510638E-002, 7.2021277E-002, 7.6276596E-002, 7.8404255E-002, 7.9468085E-002, 8.0000000E-002, 2.0336665E+002, 2.0049554E+002, 1.9496974E+002, 1.8490754E+002, 1.6908632E+002, 1.5910454E+002, 1.5631883E+002, 1.5547731E+002, 1.5409129E+002, 1.5172708E+002, 1.4501927E+002, 1.3247944E+002, 1.1065782E+002, 7.8055679E+001, 4.1917010E+001, 3.3519433E+001, 3.0612498E+001, 2.9369532E+001, 2.8787863E+001, 2.8505439E+001
 1.7400017E+003,20, 0.0000000E+000, 1.0000000E-003, 3.0000000E-003, 7.0000000E-003, 1.5000000E-002, 2.3000000E-002, 2.7000000E-002, 2.9000000E-002, 3.0000000E-002, 3.0531915E-002, 3.1595745E-002, 3.3723404E-002, 3.7978723E-002, 4.6489362E-002, 6.3510638E-002, 7.2021277E-002, 7.6276596E-002, 7.8404255E-002, 7.9468085E-002, 8.0000000E-002, 2.0634672E+002, 2.0334561E+002, 1.9780930E+002, 1.8777764E+002, 1.7200187E+002, 1.6204236E+002, 1.5925583E+002, 1.5841112E+002, 1.5701122E+002, 1.5462158E+002, 1.4783873E+002, 1.3514584E+002, 1.1301209E+002, 7.9801104E+001, 4.2697888E+001, 3.3965056E+001, 3.0918040E+001, 2.9609955E+001, 2.8996678E+001, 2.8698652E+001
 1.7700006E+003,20, 0.0000000E+000, 1.0000000E-003, 3.0000000E-003, 7.0000000E-003, 1.5000000E-002, 2.3000000E-002, 2.7000000E-002, 2.9000000E-002, 3.0000000E-002, 3.0531915E-002, 3.1595745E-002, 3.3723404E-002, 3.7978723E-002, 4.6489362E-002, 6.3510638E-002, 7.2021277E-002, 7.6276596E-002, 7.8404255E-002, 7.9468085E-002, 8.0000000E-002, 2.0910893E+002, 2.0628517E+002, 2.0072404E+002, 1.9067391E+002, 1.7491304E+002, 1.6496618E+002, 1.6217812E+002, 1.6133022E+002, 1.5991683E+002, 1.5750246E+002, 1.5064664E+002, 1.3780463E+002, 1.1536558E+002, 8.1555172E+001, 4.3491792E+001, 3.4420206E+001, 3.1230559E+001, 2.9855947E+001, 2.9210332E+001, 2.8896333E+001
 1.8000020E+003,20, 0.0000000E+000, 1.0000000E-003, 3.0000000E-003, 7.0000000E-003, 1.5000000E-002, 2.3000000E-002, 2.7000000E-002, 2.9000000E-002, 3.0000000E-002, 3.0531915E-002, 3.1595745E-002, 3.3723404E-002, 3.7978723E-002, 4.6489362E-002, 6.3510638E-002, 7.2021277E-002, 7.6276596E-002, 7.8404255E-002, 7.9468085E-002, 8.0000000E-002, 2.1177956E+002, 2.0898423E+002, 2.0348937E+002, 1.9350993E+002, 1.7781017E+002, 1.6787892E+002, 1.6508863E+002, 1.6423740E+002, 1.6281071E+002, 1.6037202E+002, 1.5344456E+002, 1.4045643E+002, 1.1771820E+002, 8.3317565E+001, 4.4298457E+001, 3.4884722E+001, 3.1549941E+001, 3.0107414E+001, 2.9428742E+001, 2.9098406E+001
 1.8300020E+003,20, 0.0000000E+000, 1.0000000E-003, 3.0000000E-003, 7.0000000E-003, 1.5000000E-002, 2.3000000E-002, 2.7000000E-002, 2.9000000E-002, 3.0000000E-002, 3.0531915E-002, 3.1595745E-002, 3.3723404E-002, 3.7978723E-002, 4.6489362E-002, 6.3510638E-002, 7.2021277E-002, 7.6276596E-002, 7.8404255E-002, 7.9468085E-002, 8.0000000E-002, 2.1460786E+002, 2.1184350E+002, 2.0633730E+002, 1.9633203E+002, 1.8068617E+002, 1.7077738E+002, 1.6798631E+002, 1.6713209E+002, 1.6569246E+002, 1.6323001E+002, 1.5623246E+002, 1.4310115E+002, 1.2006935E+002, 8.5087377E+001, 4.5117322E+001, 3.5358266E+001, 3.1875948E+001, 3.0364168E+001, 2.9651744E+001, 2.9304716E+001
 1.8600017E+003,20, 0.0000000E+000, 1.0000000E-003, 3.0000000E-003, 7.0000000E-003, 1.5000000E-002, 2.3000000E-002, 2.7000000E-002, 2.9000000E-002, 3.0000000E-002, 3.0531915E-002, 3.1595745E-002, 3.3723404E-002, 3.7978723E-002, 4.6489362E-002, 6.3510638E-002, 7.2021277E-002, 7.6276596E-002, 7.8404255E-002, 7.9468085E-002, 8.0000000E-002, 2.1739292E+002, 2.1450924E+002, 2.0902554E+002, 1.9913073E+002, 1.8355245E+002, 1.7366215E+002, 1.7087027E+002, 1.7001317E+002, 1.6856092E+002, 1.6607533E+002, 1.5900943E+002, 1.4573821E+002, 1.2241867E+002, 8.6864041E+001, 4.5947954E+001, 3.5840569E+001, 3.2208391E+001, 3.0626058E+001, 2.9879204E+001, 2.9515140E+001
 1.8900015E+003,20, 0.0000000E+000, 1.0000000E-003, 3.0000000E-003, 7.0000000E-003, 1.5000000E-002, 2.3000000E-002, 2.7000000E-002, 2.9000000E-002, 3.0000000E-002, 3.0531915E-002, 3.1595745E-002, 3.3723404E-002, 3.7978723E-002, 4.6489362E-002, 6.3510638E-002, 7.2021277E-002, 7.6276596E-002, 7.8404255E-002, 7.9468085E-002, 8.0000000E-002, 2.2032006E+002, 2.1735237E+002, 2.1185583E+002, 2.0195463E+002, 1.8640018E+002, 1.7653196E+002, 1.7374034E+002, 1.7288061E+002, 1.7141609E+002, 1.6890792E+002, 1.6177531E+002, 1.4836729E+002, 1.2476565E+002, 8.8646980E+001, 4.6789912E+001, 3.6331355E+001, 3.2547073E+001, 3.0892925E+001, 3.0110983E+001, 2.9729548E+001
 1.9200004E+003,20, 0.0000000E+000, 1.0000000E-003, 3.0000000E-003, 7.0000000E-003, 1.5000000E-002, 2.3000000E-002, 2.7000000E-002, 2.9000000E-002, 3.0000000E-002, 3.0531915E-002, 3.1595745E-002, 3.3723404E-002, 3.7978723E-002, 4.6489362E-002, 6.3510638E-002, 7.2021277E-002, 7.6276596E-002, 7.8404255E-002, 7.9468085E-002, 8.0000000E-002, 2.2261854E+002, 2.1987369E+002, 2.1446585E+002, 2.0467646E+002, 1.8923021E+002, 1.7938770E+002, 1.7659609E+002, 1.7573374E+002, 1.7425723E+002, 1.7172702E+002, 1.6452923E+002, 1.5098751E+002, 1.2710947E+002, 9.0435382E+001, 4.7642640E+001, 3.6830274E+001, 3.2891747E+001, 3.1164571E+001, 3.0346907E+001, 2.9947780E+001
 1.9500001E+003,20, 0.0000000E+000, 1.0000000E-003, 3.0000000E-003, 7.0000000E-003, 1.5000000E-002, 2.3000000E-002, 2.7000000E-002, 2.9000000E-002, 3.0000000E-002, 3.0531915E-002, 3.1595745E-002, 3.3723404E-002, 3.7978723E-002, 4.6489362E-002, 6.3510638E-002, 7.2021277E-002, 7.6276596E-002, 7.8404255E-002, 7.9468085E-002, 8.0000000E-002, 2.2525989E+002, 2.2245997E+002, 2.1710891E+002, 2.0739281E+002, 1.9202607E+002, 1.8222436E+002, 1.7943618E+002, 1.7857193E+002, 1.7708394E+002, 1.7453243E+002, 1.6727145E+002, 1.5359933E+002, 1.2945045E+002, 9.2229280E+001, 4.8505983E+001, 3.7337212E+001, 3.3242326E+001, 3.1440925E+001, 3.0586914E+001, 3.0169775E+001
 1.9800002E+003,20, 0.0000000E+000, 1.0000000E-003, 3.0000000E-003, 7.0000000E-003, 1.5000000E-002, 2.3000000E-002, 2.7000000E-002, 2.9000000E-002, 3.0000000E-002, 3.0531915E-002, 3.1595745E-002, 3.3723404E-002, 3.7978723E-002, 4.6489362E-002, 6.3510638E-002, 7.2021277E-002, 7.6276596E-002, 7.8404255E-002, 7.9468085E-002, 8.0000000E-002, 2.2801577E+002, 2.2515103E+002, 2.1979789E+002, 2.1010961E+002, 1.9480376E+002, 1.8503981E+002, 1.8225608E+002, 1.8139033E+002, 1.7989143E+002, 1.7731954E+002, 1.6999793E+002, 1.5619985E+002, 1.3178680E+002, 9.4027397E+001, 4.9379170E+001, 3.7851687E+001, 3.3598469E+001, 3.1721716E+001, 3.0830766E+001, 3.0395313E+001
 2.0100023E+003,20, 0.0000000E+000, 1.0000000E-003, 3.0000000E-003, 7.0000000E-003, 1.5000000E-002, 2.3000000E-002, 2.7000000E-002, 2.9000000E-002, 3.0000000E-002, 3.0531915E-002, 3.1595745E-002, 3.3723404E-002, 3.7978723E-002, 4.6489362E-002, 6.3510638E-002, 7.2021277E-002, 7.6276596E-002, 7.8404255E-002, 7.9468085E-002, 8.0000000E-002, 2.3058289E+002, 2.2767878E+002, 2.2238823E+002, 2.1277514E+002, 1.9756480E+002, 1.8783759E+002, 1.8505766E+002, 1.8419035E+002, 1.8268086E+002, 1.8008925E+002, 1.7270897E+002, 1.5878884E+002, 1.3411836E+002, 9.5829836E+001, 5.0262138E+001, 3.8373634E+001, 3.3960125E+001, 3.2006899E+001, 3.1078424E+001, 3.0624357E+001
 2.0400022E+003,20, 0.0000000E+000, 1.0000000E-003, 3.0000000E-003, 7.0000000E-003, 1.5000000E-002, 2.3000000E-002, 2.7000000E-002, 2.9000000E-002, 3.0000000E-002, 3.0531915E-002, 3.1595745E-002, 3.3723404E-002, 3.7978723E-002, 4.6489362E-002, 6.3510638E-002, 7.2021277E-002, 7.6276596E-002, 7.8404255E-002, 7.9468085E-002, 8.0000000E-002, 2.3299607E+002, 2.3026150E+002, 2.2497548E+002, 2.1541874E+002, 2.0029607E+002, 1.9061352E+002, 1.8783906E+002, 1.8697057E+002, 1.8545092E+002, 1.8284028E+002, 1.7540323E+002, 1.6136462E+002, 1.3644318E+002, 9.7634969E+001, 5.1154002E+001, 3.8902502E+001, 3.4326903E+001, 3.2296164E+001, 3.1329614E+001, 3.0856655E+001
 2.0700002E+003,20, 0.0000000E+000, 1.0000000E-003, 3.0000000E-003, 7.0000000E-003, 1.5000000E-002, 2.3000000E-002, 2.7000000E-002, 2.9000000E-002, 3.0000000E-002, 3.0531915E-002, 3.1595745E-002, 3.3723404E-002, 3.7978723E-002, 4.6489362E-002, 6.3510638E-002, 7.2021277E-002, 7.6276596E-002, 7.8404255E-002, 7.9468085E-002, 8.0000000E-002, 2.3546289E+002, 2.3276575E+002, 2.2755655E+002, 2.1806494E+002, 2.0301529E+002, 1.9336970E+002, 1.9060032E+002, 1.8973073E+002, 1.8820130E+002, 1.8557231E+002, 1.7808053E+002, 1.6392727E+002, 1.3876144E+002, 9.9442828E+001, 5.2054677E+001, 3.9438216E+001, 3.4698743E+001, 3.2589458E+001, 3.1584292E+001, 3.1092163E+001
 2.1000002E+003,20, 0.0000000E+000, 1.0000000E-003, 3.0000000E-003, 7.0000000E-003, 1.5000000E-002, 2.3000000E-002, 2.7000000E-002, 2.9000000E-002, 3.0000000E-002, 3.0531915E-002, 3.1595745E-002, 3.3723404E-002, 3.7978723E-002, 4.6489362E-002, 6.3510638E-002, 7.2021277E-002, 7.6276596E-002, 7.8404255E-002, 7.9468085E-002, 8.0000000E-002, 2.3792785E+002, 2.3525757E+002, 2.3006985E+002, 2.2065419E+002, 2.0570701E+002, 1.9610584E+002, 1.9334190E+002, 1.9247127E+002, 1.9093234E+002, 1.8828554E+002, 1.8074057E+002, 1.6647589E+002, 1.4107188E+002, 1.0125230E+002, 5.2963515E+001, 3.9980362E+001, 3.5075350E+001, 3.2886548E+001, 3.1842252E+001, 3.1330690E+001
 2.1300010E+003,20, 0.0000000E+000, 1.0000000E-003, 3.0000000E-003, 7.0000000E-003, 1.5000000E-002, 2.3000000E-002, 2.7000000E-002, 2.9000000E-002, 3.0000000E-002, 3.0531915E-002, 3.1595745E-002, 3.3723404E-002, 3.7978723E-002, 4.6489362E-002, 6.3510638E-002, 7.2021277E-002, 7.6276596E-002, 7.8404255E-002, 7.9468085E-002, 8.0000000E-002, 2.4056336E+002, 2.3793890E+002, 2.3271570E+002, 2.2327644E+002, 2.0837935E+002, 1.9882075E+002, 1.9606319E+002, 1.9519183E+002, 1.9364381E+002, 1.9097985E+002, 1.8338352E+002, 1.6901078E+002, 1.4337461E+002, 1.0306319E+002, 5.3880315E+001, 4.0528797E+001, 3.5456616E+001, 3.3187345E+001, 3.2103417E+001, 3.1572165E+001
 2.1600017E+003,20, 0.0000000E+000, 1.0000000E-003, 3.0000000E-003, 7.0000000E-003, 1.5000000E-002, 2.3000000E-002, 2.7000000E-002, 2.9000000E-002, 3.0000000E-002, 3.0531915E-002, 3.1595745E-002, 3.3723404E-002, 3.7978723E-002, 4.6489362E-002, 6.3510638E-002, 7.2021277E-002, 7.6276596E-002, 7.8404255E-002, 7.9468085E-002, 8.0000000E-002, 2.4309016E+002, 2.4039704E+002, 2.3526797E+002, 2.2590349E+002, 2.1105437E+002, 2.0151957E+002, 1.9876563E+002, 1.9789312E+002, 1.9633614E+002, 1.9365543E+002, 1.8600910E+002, 1.7153133E+002, 1.4566894E+002, 1.0487481E+002, 5.4804605E+001, 4.1083213E+001, 3.5842321E+001, 3.3491673E+001, 3.2367630E+001, 3.1816442E+001
 2.1900015E+003,20, 0.0000000E+000, 1.0000000E-003, 3.0000000E-003, 7.0000000E-003, 1.5000000E-002, 2.3000000E-002, 2.7000000E-002, 2.9000000E-002, 3.0000000E-002, 3.0531915E-002, 3.1595745E-002, 3.3723404E-002, 3.7978723E-002, 4.6489362E-002, 6.3510638E-002, 7.2021277E-002, 7.6276596E-002, 7.8404255E-002, 7.9468085E-002, 8.0000000E-002, 2.4585784E+002, 2.4311710E+002, 2.3791620E+002, 2.2853251E+002, 2.1371365E+002, 2.0420391E+002, 2.0145252E+002, 2.0057858E+002, 1.9901264E+002, 1.9631526E+002, 1.8861933E+002, 1.7403811E+002, 1.4795414E+002, 1.0668613E+002, 5.5735723E+001, 4.1643188E+001, 3.6232164E+001, 3.3799289E+001, 3.2634682E+001, 3.2063327E+001
 2.2200017E+003,20, 0.0000000E+000, 1.0000000E-003, 3.0000000E-003, 7.0000000E-003, 1.5000000E-002, 2.3000000E-002, 2.7000000E-002, 2.9000000E-002, 3.0000000E-002, 3.0531915E-002, 3.1595745E-002, 3.3723404E-002, 3.7978723E-002, 4.6489362E-002, 6.3510638E-002, 7.2021277E-002, 7.6276596E-002, 7.8404255E-002, 7.9468085E-002, 8.0000000E-002, 2.4834724E+002, 2.4559310E+002, 2.4044294E+002, 2.3112643E+002, 2.1636689E+002, 2.0687670E+002, 2.0412649E+002, 2.0325087E+002, 2.0167596E+002, 1.9896200E+002, 1.9121686E+002, 1.7653340E+002, 1.5023150E+002, 1.0849740E+002, 5.6673609E+001, 4.2208658E+001, 3.6626093E+001, 3.4110152E+001, 3.2904534E+001, 3.2312783E+001
 2.2500027E+003,20, 0.0000000E+000, 1.0000000E-003, 3.0000000E-003, 7.0000000E-003, 1.5000000E-002, 2.3000000E-002, 2.7000000E-002, 2.9000000E-002, 3.0000000E-002, 3.0531915E-002, 3.1595745E-002, 3.3723404E-002, 3.7978723E-002, 4.6489362E-002, 6.3510638E-002, 7.2021277E-002, 7.6276596E-002, 7.8404255E-002, 7.9468085E-002, 8.0000000E-002, 2.5067928E+002, 2.4797578E+002, 2.4286702E+002, 2.3364309E+002, 2.1898979E+002, 2.0953470E+002, 2.0678716E+002, 2.0591006E+002, 2.0432632E+002, 2.0159595E+002, 1.9380208E+002, 1.7901747E+002, 1.5250075E+002, 1.1030773E+002, 5.7617548E+001, 4.2779166E+001, 3.7023781E+001, 3.4423999E+001, 3.3176957E+001, 3.2564599E+001
 2.2800007E+003,20, 0.0000000E+000, 1.0000000E-003, 3.0000000E-003, 7.0000000E-003, 1.5000000E-002, 2.3000000E-002, 2.7000000E-002, 2.9000000E-002, 3.0000000E-002, 3.0531915E-002, 3.1595745E-002, 3.3723404E-002, 3.7978723E-002, 4.6489362E-002, 6.3510638E-002, 7.2021277E-002, 7.6276596E-002, 7.8404255E-002, 7.9468085E-002, 8.0000000E-002, 2.5297877E+002, 2.5029930E+002, 2.4527856E+002, 2.3612018E+002, 2.2157506E+002, 2.1217168E+002, 2.0943059E+002, 2.0855285E+002, 2.0696075E+002, 2.0421463E+002, 1.9637367E+002, 1.8149032E+002, 1.5476245E+002, 1.1211721E+002, 5.8567306E+001, 4.3354534E+001, 3.7425097E+001, 3.4740726E+001, 3.3451860E+001, 3.2818688E+001
 2.3100007E+003,20, 0.0000000E+000, 1.0000000E-003, 3.0000000E-003, 7.0000000E-003, 1.5000000E-002, 2.3000000E-002, 2.7000000E-002, 2.9000000E-002, 3.0000000E-002, 3.0531915E-002, 3.1595745E-002, 3.3723404E-002, 3.7978723E-002, 4.6489362E-002, 6.3510638E-002, 7.2021277E-002, 7.6276596E-002, 7.8404255E-002, 7.9468085E-002, 8.0000000E-002, 2.5508489E+002, 2.5260263E+002, 2.4764577E+002, 2.3857639E+002, 2.2413578E+002, 2.1478523E+002, 2.1205258E+002, 2.1117477E+002, 2.0957489E+002, 2.0681392E+002, 1.9892829E+002, 1.8395004E+002, 1.5701623E+002, 1.1392584E+002, 5.9522631E+001, 4.3934576E+001, 3.7829903E+001, 3.5060220E+001, 3.3729142E+001, 3.3074958E+001
 2.3400027E+003,20, 0.0000000E+000, 1.0000000E-003, 3.0000000E-003, 7.0000000E-003, 1.5000000E-002, 2.3000000E-002, 2.7000000E-002, 2.9000000E-002, 3.0000000E-002, 3.0531915E-002, 3.1595745E-002, 3.3723404E-002, 3.7978723E-002, 4.6489362E-002, 6.3510638E-002, 7.2021277E-002, 7.6276596E-002, 7.8404255E-002, 7.9468085E-002, 8.0000000E-002, 2.5780158E+002, 2.5510726E+002, 2.5012231E+002, 2.4106149E+002, 2.2667934E+002, 2.1737561E+002, 2.1465145E+002, 2.1377371E+002, 2.1216648E+002, 2.0939141E+002, 2.0146324E+002, 1.8639403E+002, 1.5926033E+002, 1.1573276E+002, 6.0482923E+001, 4.4518890E+001, 3.8237909E+001, 3.5382250E+001, 3.4008603E+001, 3.3333222E+001
 2.3700005E+003,20, 0.0000000E+000, 1.0000000E-003, 3.0000000E-003, 7.0000000E-003, 1.5000000E-002, 2.3000000E-002, 2.7000000E-002, 2.9000000E-002, 3.0000000E-002, 3.0531915E-002, 3.1595745E-002, 3.3723404E-002, 3.7978723E-002, 4.6489362E-002, 6.3510638E-002, 7.2021277E-002, 7.6276596E-002, 7.8404255E-002, 7.9468085E-002, 8.0000000E-002, 2.5999030E+002, 2.5736211E+002, 2.5245560E+002, 2.4347001E+002, 2.2920202E+002, 2.1994602E+002, 2.1722922E+002, 2.1635135E+002, 2.1473696E+002, 2.1194823E+002, 2.0397891E+002, 1.8882178E+002, 1.6149395E+002, 1.1753754E+002, 6.1447877E+001, 4.5107255E+001, 3.8648952E+001, 3.5706683E+001, 3.4290126E+001, 3.3593372E+001
 2.4000010E+003,20, 0.0000000E+000, 1.0000000E-003, 3.0000000E-003, 7.0000000E-003, 1.5000000E-002, 2.3000000E-002, 2.7000000E-002, 2.9000000E-002, 3.0000000E-002, 3.0531915E-002, 3.1595745E-002, 3.3723404E-002, 3.7978723E-002, 4.6489362E-002, 6.3510638E-002, 7.2021277E-002, 7.6276596E-002, 7.8404255E-002, 7.9468085E-002, 8.0000000E-002, 2.6208394E+002, 2.5949790E+002, 2.5468019E+002, 2.4583377E+002, 2.3169500E+002, 2.2249397E+002, 2.1978600E+002, 2.1890833E+002, 2.1728711E+002, 2.1448524E+002, 2.0647621E+002, 1.9123388E+002, 1.6371705E+002, 1.1933998E+002, 6.2417304E+001, 4.5699524E+001, 3.9062922E+001, 3.6033429E+001, 3.4573631E+001, 3.3855335E+001
 2.4300022E+003,20, 0.0000000E+000, 1.0000000E-003, 3.0000000E-003, 7.0000000E-003, 1.5000000E-002, 2.3000000E-002, 2.7000000E-002, 2.9000000E-002, 3.0000000E-002, 3.0531915E-002, 3.1595745E-002, 3.3723404E-002, 3.7978723E-002, 4.6489362E-002, 6.3510638E-002, 7.2021277E-002, 7.6276596E-002, 7.8404255E-002, 7.9468085E-002, 8.0000000E-002, 2.6427843E+002, 2.6172541E+002, 2.5693956E+002, 2.4817783E+002, 2.3415596E+002, 2.2501644E+002, 2.2231917E+002, 2.2144216E+002, 2.1981456E+002, 2.1700025E+002, 2.0895345E+002, 1.9362927E+002, 1.6592895E+002, 1.2113938E+002, 6.3390750E+001, 4.6295390E+001, 3.9479594E+001, 3.6362311E+001, 3.4858964E+001, 3.4118965E+001
 2.4600022E+003,20, 0.0000000E+000, 1.0000000E-003, 3.0000000E-003, 7.0000000E-003, 1.5000000E-002, 2.3000000E-002, 2.7000000E-002, 2.9000000E-002, 3.0000000E-002, 3.0531915E-002, 3.1595745E-002, 3.3723404E-002, 3.7978723E-002, 4.6489362E-002, 6.3510638E-002, 7.2021277E-002, 7.6276596E-002, 7.8404255E-002, 7.9468085E-002, 8.0000000E-002, 2.6665164E+002, 2.6416425E+002, 2.5934830E+002, 2.5055632E+002, 2.3659748E+002, 2.2751349E+002, 2.2482714E+002, 2.2395098E+002, 2.2231740E+002, 2.1949138E+002, 2.1140884E+002, 1.9600651E+002, 1.6812875E+002, 1.2293514E+002, 6.4367817E+001, 4.6894583E+001, 3.9898773E+001, 3.6693168E+001, 3.5145985E+001, 3.4384135E+001
 2.4900007E+003,20, 0.0000000E+000, 1.0000000E-003, 3.0000000E-003, 7.0000000E-003, 1.5000000E-002, 2.3000000E-002, 2.7000000E-002, 2.9000000E-002, 3.0000000E-002, 3.0531915E-002, 3.1595745E-002, 3.3723404E-002, 3.7978723E-002, 4.6489362E-002, 6.3510638E-002, 7.2021277E-002, 7.6276596E-002, 7.8404255E-002, 7.9468085E-002, 8.0000000E-002, 2.6909051E+002, 2.6646655E+002, 2.6166239E+002, 2.5292996E+002, 2.3903462E+002, 2.2999065E+002, 2.2731255E+002, 2.2643680E+002, 2.2479736E+002, 2.2195998E+002, 2.1384292E+002, 1.9836535E+002, 1.7031589E+002, 1.2472689E+002, 6.5348254E+001, 4.7496922E+001, 4.0320325E+001, 3.7025895E+001, 3.5434600E+001, 3.4650756E+001
 2.5200017E+003,20, 0.0000000E+000, 1.0000000E-003, 3.0000000E-003, 7.0000000E-003, 1.5000000E-002, 2.3000000E-002, 2.7000000E-002, 2.9000000E-002, 3.0000000E-002, 3.0531915E-002, 3.1595745E-002, 3.3723404E-002, 3.7978723E-002, 4.6489362E-002, 6.3510638E-002, 7.2021277E-002, 7.6276596E-002, 7.8404255E-002, 7.9468085E-002, 8.0000000E-002, 2.7113192E+002, 2.6864998E+002, 2.6390810E+002, 2.5526282E+002, 2.4145349E+002, 2.3244991E+002, 2.2977879E+002, 2.2890313E+002, 2.2725782E+002, 2.2440916E+002, 2.1625797E+002, 2.0070665E+002, 1.7248991E+002, 1.2651384E+002, 6.6331567E+001, 4.8102082E+001, 4.0744016E+001, 3.7360303E+001, 3.5724645E+001, 3.4918678E+001
 2.5500022E+003,20, 0.0000000E+000, 1.0000000E-003, 3.0000000E-003, 7.0000000E-003, 1.5000000E-002, 2.3000000E-002, 2.7000000E-002, 2.9000000E-002, 3.0000000E-002, 3.0531915E-002, 3.1595745E-002, 3.3723404E-002, 3.7978723E-002, 4.6489362E-002, 6.3510638E-002, 7.2021277E-002, 7.6276596E-002, 7.8404255E-002, 7.9468085E-002, 8.0000000E-002, 2.7342364E+002, 2.7091745E+002, 2.6618563E+002, 2.5756860E+002, 2.4384820E+002, 2.3489054E+002, 2.3222691E+002, 2.3135144E+002, 2.2970036E+002, 2.2684061E+002, 2.1865587E+002, 2.0303212E+002, 1.7465164E+002, 1.2829596E+002, 6.7317617E+001, 4.8709956E+001, 4.1169763E+001, 3.7696327E+001, 3.6016063E+001, 3.5187846E+001
 2.5800017E+003,20, 0.0000000E+000, 1.0000000E-003, 3.0000000E-003, 7.0000000E-003, 1.5000000E-002, 2.3000000E-002, 2.7000000E-002, 2.9000000E-002, 3.0000000E-002, 3.0531915E-002, 3.1595745E-002, 3.3723404E-002, 3.7978723E-002, 4.6489362E-002, 6.3510638E-002, 7.2021277E-002, 7.6276596E-002, 7.8404255E-002, 7.9468085E-002, 8.0000000E-002, 2.7550902E+002, 2.7308280E+002, 2.6840654E+002, 2.5985669E+002, 2.4622241E+002, 2.3731126E+002, 2.3465566E+002, 2.3378054E+002, 2.3212391E+002, 2.2925340E+002, 2.2103606E+002, 2.0534166E+002, 1.7680104E+002, 1.3007276E+002, 6.8305944E+001, 4.9320237E+001, 4.1597348E+001, 3.8033790E+001, 3.6308700E+001, 3.5458119E+001
 2.6100020E+003,20, 0.0000000E+000, 1.0000000E-003, 3.0000000E-003, 7.0000000E-003, 1.5000000E-002, 2.3000000E-002, 2.7000000E-002, 2.9000000E-002, 3.0000000E-002, 3.0531915E-002, 3.1595745E-002, 3.3723404E-002, 3.7978723E-002, 4.6489362E-002, 6.3510638E-002, 7.2021277E-002, 7.6276596E-002, 7.8404255E-002, 7.9468085E-002, 8.0000000E-002, 2.7762897E+002, 2.7523187E+002, 2.7057604E+002, 2.6210873E+002, 2.4857524E+002, 2.3971201E+002, 2.3706491E+002, 2.3619027E+002, 2.3452830E+002, 2.3164742E+002, 2.2339853E+002, 2.0763545E+002, 1.7893842E+002, 1.3184431E+002, 6.9296395E+001, 4.9932806E+001, 4.2026679E+001, 3.8372619E+001, 3.6602492E+001, 3.5729435E+001
 2.6400012E+003,20, 0.0000000E+000, 1.0000000E-003, 3.0000000E-003, 7.0000000E-003, 1.5000000E-002, 2.3000000E-002, 2.7000000E-002, 2.9000000E-002, 3.0000000E-002, 3.0531915E-002, 3.1595745E-002, 3.3723404E-002, 3.7978723E-002, 4.6489362E-002, 6.3510638E-002, 7.2021277E-002, 7.6276596E-002, 7.8404255E-002, 7.9468085E-002, 8.0000000E-002, 2.7997939E+002, 2.7742121E+002, 2.7277480E+002, 2.6435122E+002, 2.5090153E+002, 2.4209073E+002, 2.3945308E+002, 2.3857916E+002, 2.3691211E+002, 2.3402127E+002, 2.2574199E+002, 2.0991241E+002, 1.8106287E+002, 1.3360976E+002, 7.0288321E+001, 5.0547235E+001, 4.2457452E+001, 3.8712572E+001, 3.6897227E+001, 3.6001601E+001
 2.6700024E+003,20, 0.0000000E+000, 1.0000000E-003, 3.0000000E-003, 7.0000000E-003, 1.5000000E-002, 2.3000000E-002, 2.7000000E-002, 2.9000000E-002, 3.0000000E-002, 3.0531915E-002, 3.1595745E-002, 3.3723404E-002, 3.7978723E-002, 4.6489362E-002, 6.3510638E-002, 7.2021277E-002, 7.6276596E-002, 7.8404255E-002, 7.9468085E-002, 8.0000000E-002, 2.8195172E+002, 2.7952486E+002, 2.7496786E+002, 2.6660620E+002, 2.5322019E+002, 2.4445002E+002, 2.4182084E+002, 2.4094755E+002, 2.3927562E+002, 2.3637521E+002, 2.2806671E+002, 2.1217290E+002, 1.8317492E+002, 1.3536956E+002, 7.1281806E+001, 5.1163548E+001, 4.2889677E+001, 3.9053656E+001, 3.7192912E+001, 3.6274621E+001
 2.7000017E+003,20, 0.0000000E+000, 1.0000000E-003, 3.0000000E-003, 7.0000000E-003, 1.5000000E-002, 2.3000000E-002, 2.7000000E-002, 2.9000000E-002, 3.0000000E-002, 3.0531915E-002, 3.1595745E-002, 3.3723404E-002, 3.7978723E-002, 4.6489362E-002, 6.3510638E-002, 7.2021277E-002, 7.6276596E-002, 7.8404255E-002, 7.9468085E-002, 8.0000000E-002, 2.8390860E+002, 2.8151120E+002, 2.7700172E+002, 2.6874082E+002, 2.5550480E+002, 2.4679014E+002, 2.4416962E+002, 2.4329691E+002, 2.4162017E+002, 2.3871036E+002, 2.3037322E+002, 2.1441668E+002, 1.8527387E+002, 1.3712300E+002, 7.2276318E+001, 5.1781389E+001, 4.3323097E+001, 3.9395665E+001, 3.7489367E+001, 3.6548330E+001
 2.7300017E+003,20, 0.0000000E+000, 1.0000000E-003, 3.0000000E-003, 7.0000000E-003, 1.5000000E-002, 2.3000000E-002, 2.7000000E-002, 2.9000000E-002, 3.0000000E-002, 3.0531915E-002, 3.1595745E-002, 3.3723404E-002, 3.7978723E-002, 4.6489362E-002, 6.3510638E-002, 7.2021277E-002, 7.6276596E-002, 7.8404255E-002, 7.9468085E-002, 8.0000000E-002, 2.8607568E+002, 2.8371275E+002, 2.7919837E+002, 2.7094432E+002, 2.5776646E+002, 2.4910630E+002, 2.4649675E+002, 2.4562521E+002, 2.4394407E+002, 2.4102542E+002, 2.3266111E+002, 2.1664412E+002, 1.8736014E+002, 1.3887018E+002, 7.3271761E+001, 5.2400671E+001, 4.3757647E+001, 3.9738546E+001, 3.7786545E+001, 3.6822683E+001
 2.7600012E+003,20, 0.0000000E+000, 1.0000000E-003, 3.0000000E-003, 7.0000000E-003, 1.5000000E-002, 2.3000000E-002, 2.7000000E-002, 2.9000000E-002, 3.0000000E-002, 3.0531915E-002, 3.1595745E-002, 3.3723404E-002, 3.7978723E-002, 4.6489362E-002, 6.3510638E-002, 7.2021277E-002, 7.6276596E-002, 7.8404255E-002, 7.9468085E-002, 8.0000000E-002, 2.8800673E+002, 2.8574169E+002, 2.8128158E+002, 2.7311219E+002, 2.6002146E+002, 2.5140292E+002, 2.4880211E+002, 2.4793141E+002, 2.4624598E+002, 2.4331885E+002, 2.3492848E+002, 2.1885345E+002, 1.8943263E+002, 1.4061031E+002, 7.4267553E+001, 5.3021004E+001, 4.4193045E+001, 4.0082075E+001, 3.8084253E+001, 3.7097503E+001
 2.7900022E+003,20, 0.0000000E+000, 1.0000000E-003, 3.0000000E-003, 7.0000000E-003, 1.5000000E-002, 2.3000000E-002, 2.7000000E-002, 2.9000000E-002, 3.0000000E-002, 3.0531915E-002, 3.1595745E-002, 3.3723404E-002, 3.7978723E-002, 4.6489362E-002, 6.3510638E-002, 7.2021277E-002, 7.6276596E-002, 7.8404255E-002, 7.9468085E-002, 8.0000000E-002, 2.9001985E+002, 2.8775736E+002, 2.8333920E+002, 2.7523876E+002, 2.6224697E+002, 2.5368060E+002, 2.5108900E+002, 2.5021914E+002, 2.4852951E+002, 2.4559404E+002, 2.3717810E+002, 2.2104635E+002, 1.9149208E+002, 1.4234388E+002, 7.5263866E+001, 5.3642470E+001, 4.4629344E+001, 4.0426292E+001, 3.8382523E+001, 3.7372818E+001
 2.8200022E+003,20, 0.0000000E+000, 1.0000000E-003, 3.0000000E-003, 7.0000000E-003, 1.5000000E-002, 2.3000000E-002, 2.7000000E-002, 2.9000000E-002, 3.0000000E-002, 3.0531915E-002, 3.1595745E-002, 3.3723404E-002, 3.7978723E-002, 4.6489362E-002, 6.3510638E-002, 7.2021277E-002, 7.6276596E-002, 7.8404255E-002, 7.9468085E-002, 8.0000000E-002, 2.9210018E+002, 2.8973256E+002, 2.8534870E+002, 2.7733754E+002, 2.6445057E+002, 2.5593647E+002, 2.5335495E+002, 2.5248617E+002, 2.5079259E+002, 2.4784917E+002, 2.3940872E+002, 2.2322210E+002, 1.9353778E+002, 1.4406998E+002, 7.6260057E+001, 5.4264641E+001, 4.5066236E+001, 4.0770954E+001, 3.8681145E+001, 3.7648435E+001
 2.8500000E+003,20, 0.0000000E+000, 1.0000000E-003, 3.0000000E-003, 7.0000000E-003, 1.5000000E-002, 2.3000000E-002, 2.7000000E-002, 2.9000000E-002, 3.0000000E-002, 3.0531915E-002, 3.1595745E-002, 3.3723404E-002, 3.7978723E-002, 4.6489362E-002, 6.3510638E-002, 7.2021277E-002, 7.6276596E-002, 7.8404255E-002, 7.9468085E-002, 8.0000000E-002, 2.9404234E+002, 2.9173611E+002, 2.8737798E+002, 2.7941676E+002, 2.6662802E+002, 2.5816993E+002, 2.5559916E+002, 2.5473166E+002, 2.5303436E+002, 2.5008340E+002, 2.4161958E+002, 2.2538019E+002, 1.9556952E+002, 1.4578837E+002, 7.7255851E+001, 5.4887321E+001, 4.5503580E+001, 4.1115946E+001, 3.8980019E+001, 3.7924261E+001
 2.8800002E+003,20, 0.0000000E+000, 1.0000000E-003, 3.0000000E-003, 7.0000000E-003, 1.5000000E-002, 2.3000000E-002, 2.7000000E-002, 2.9000000E-002, 3.0000000E-002, 3.0531915E-002, 3.1595745E-002, 3.3723404E-002, 3.7978723E-002, 4.6489362E-002, 6.3510638E-002, 7.2021277E-002, 7.6276596E-002, 7.8404255E-002, 7.9468085E-002, 8.0000000E-002, 2.9607264E+002, 2.9386125E+002, 2.8948211E+002, 2.8152561E+002, 2.6879394E+002, 2.6038276E+002, 2.5782227E+002, 2.5695604E+002, 2.5525523E+002, 2.5229712E+002, 2.4381103E+002, 2.2752102E+002, 1.9758782E+002, 1.4749955E+002, 7.8251424E+001, 5.5510596E+001, 4.5941429E+001, 4.1461309E+001, 3.9279180E+001, 3.8200327E+001
 2.9100007E+003,20, 0.0000000E+000, 1.0000000E-003, 3.0000000E-003, 7.0000000E-003, 1.5000000E-002, 2.3000000E-002, 2.7000000E-002, 2.9000000E-002, 3.0000000E-002, 3.0531915E-002, 3.1595745E-002, 3.3723404E-002, 3.7978723E-002, 4.6489362E-002, 6.3510638E-002, 7.2021277E-002, 7.6276596E-002, 7.8404255E-002, 7.9468085E-002, 8.0000000E-002, 2.9767462E+002, 2.9553189E+002, 2.9130210E+002, 2.8350725E+002, 2.7093300E+002, 2.6257652E+002, 2.6002549E+002, 2.5916030E+002, 2.5745601E+002, 2.5449087E+002, 2.4598305E+002, 2.2964387E+002, 1.9959160E+002, 1.4920251E+002, 7.9246102E+001, 5.6134020E+001, 4.6379464E+001, 4.1806791E+001, 3.9578409E+001, 3.8476434E+001
 2.9400007E+003,20, 0.0000000E+000, 1.0000000E-003, 3.0000000E-003, 7.0000000E-003, 1.5000000E-002, 2.3000000E-002, 2.7000000E-002, 2.9000000E-002, 3.0000000E-002, 3.0531915E-002, 3.1595745E-002, 3.3723404E-002, 3.7978723E-002, 4.6489362E-002, 6.3510638E-002, 7.2021277E-002, 7.6276596E-002, 7.8404255E-002, 7.9468085E-002, 8.0000000E-002, 2.9961396E+002, 2.9746124E+002, 2.9326924E+002, 2.8552223E+002, 2.7303631E+002, 2.6474501E+002, 2.6220686E+002, 2.6134346E+002, 2.5963608E+002, 2.5666443E+002, 2.4813614E+002, 2.3174972E+002, 2.0158161E+002, 1.5089761E+002, 8.0239991E+001, 5.6757637E+001, 4.6817712E+001, 4.2152411E+001, 3.9877723E+001, 3.8752594E+001
 2.9700002E+003,20, 0.0000000E+000, 1.0000000E-003, 3.0000000E-003, 7.0000000E-003, 1.5000000E-002, 2.3000000E-002, 2.7000000E-002, 2.9000000E-002, 3.0000000E-002, 3.0531915E-002, 3.1595745E-002, 3.3723404E-002, 3.7978723E-002, 4.6489362E-002, 6.3510638E-002, 7.2021277E-002, 7.6276596E-002, 7.8404255E-002, 7.9468085E-002, 8.0000000E-002, 3.0166620E+002, 2.9941822E+002, 2.9520408E+002, 2.8750216E+002, 2.7512277E+002, 2.6688970E+002, 2.6436386E+002, 2.6350226E+002, 2.6179209E+002, 2.5881448E+002, 2.5026730E+002, 2.3383646E+002, 2.0355684E+002, 1.5258418E+002, 8.1232585E+001, 5.7381108E+001, 4.7255930E+001, 4.2497976E+001, 4.0176953E+001, 3.9028654E+001
 3.0000012E+003,20, 0.0000000E+000, 1.0000000E-003, 3.0000000E-003, 7.0000000E-003, 1.5000000E-002, 2.3000000E-002, 2.7000000E-002, 2.9000000E-002, 3.0000000E-002, 3.0531915E-002, 3.1595745E-002, 3.3723404E-002, 3.7978723E-002, 4.6489362E-002, 6.3510638E-002, 7.2021277E-002, 7.6276596E-002, 7.8404255E-002, 7.9468085E-002, 8.0000000E-002, 3.0343685E+002, 3.0125644E+002, 2.9706159E+002, 2.8944893E+002, 2.7718670E+002, 2.6901186E+002, 2.6649803E+002, 2.6563820E+002, 2.6392541E+002, 2.6094218E+002, 2.5237712E+002, 2.3590403E+002, 2.0551703E+002, 1.5426218E+002, 8.2223818E+001, 5.8004370E+001, 4.7694068E+001, 4.2843447E+001, 4.0476067E+001, 3.9304582E+001
 3.0300017E+003,20, 0.0000000E+000, 1.0000000E-003, 3.0000000E-003, 7.0000000E-003, 1.5000000E-002, 2.3000000E-002, 2.7000000E-002, 2.9000000E-002, 3.0000000E-002, 3.0531915E-002, 3.1595745E-002, 3.3723404E-002, 3.7978723E-002, 4.6489362E-002, 6.3510638E-002, 7.2021277E-002, 7.6276596E-002, 7.8404255E-002, 7.9468085E-002, 8.0000000E-002, 3.0529894E+002, 3.0312630E+002, 2.9898368E+002, 2.9141587E+002, 2.7923155E+002, 2.7111132E+002, 2.6860947E+002, 2.6775146E+002, 2.6603623E+002, 2.6304770E+002, 2.5446575E+002, 2.3795237E+002, 2.0746180E+002, 1.5593121E+002, 8.3213412E+001, 5.8627230E+001, 4.8131987E+001, 4.3188711E+001, 4.0774966E+001, 3.9580289E+001
 3.0600005E+003,20, 0.0000000E+000, 1.0000000E-003, 3.0000000E-003, 7.0000000E-003, 1.5000000E-002, 2.3000000E-002, 2.7000000E-002, 2.9000000E-002, 3.0000000E-002, 3.0531915E-002, 3.1595745E-002, 3.3723404E-002, 3.7978723E-002, 4.6489362E-002, 6.3510638E-002, 7.2021277E-002, 7.6276596E-002, 7.8404255E-002, 7.9468085E-002, 8.0000000E-002, 3.0721106E+002, 3.0502445E+002, 3.0087894E+002, 2.9335203E+002, 2.8125577E+002, 2.7318976E+002, 2.7069923E+002, 2.6984292E+002, 2.6812533E+002, 2.6513172E+002, 2.5653357E+002, 2.3998151E+002, 2.0939093E+002, 1.5759093E+002, 8.4201106E+001, 5.9249508E+001, 4.8569556E+001, 4.3533666E+001, 4.1073561E+001, 3.9855691E+001
 3.0900005E+003,20, 0.0000000E+000, 1.0000000E-003, 3.0000000E-003, 7.0000000E-003, 1.5000000E-002, 2.3000000E-002, 2.7000000E-002, 2.9000000E-002, 3.0000000E-002, 3.0531915E-002, 3.1595745E-002, 3.3723404E-002, 3.7978723E-002, 4.6489362E-002, 6.3510638E-002, 7.2021277E-002, 7.6276596E-002, 7.8404255E-002, 7.9468085E-002, 8.0000000E-002, 3.0905709E+002, 3.0690098E+002, 3.0276585E+002, 2.9528939E+002, 2.8326738E+002, 2.7524847E+002, 2.7276843E+002, 2.7191370E+002, 2.7019383E+002, 2.6719532E+002, 2.5858153E+002, 2.4199215E+002, 2.1130467E+002, 1.5924128E+002, 8.5186797E+001, 5.9871122E+001, 4.9006713E+001, 4.3878263E+001, 4.1371809E+001, 4.0130750E+001
 3.1200015E+003,20, 0.0000000E+000, 1.0000000E-003, 3.0000000E-003, 7.0000000E-003, 1.5000000E-002, 2.3000000E-002, 2.7000000E-002, 2.9000000E-002, 3.0000000E-002, 3.0531915E-002, 3.1595745E-002, 3.3723404E-002, 3.7978723E-002, 4.6489362E-002, 6.3510638E-002, 7.2021277E-002, 7.6276596E-002, 7.8404255E-002, 7.9468085E-002, 8.0000000E-002, 3.1085436E+002, 3.0869431E+002, 3.0461984E+002, 2.9720125E+002, 2.8526627E+002, 2.7729001E+002, 2.7481896E+002, 2.7396550E+002, 2.7224331E+002, 2.6923990E+002, 2.6061065E+002, 2.4398476E+002, 2.1320298E+002, 1.6088189E+002, 8.6170162E+001, 6.0491853E+001, 4.9443303E+001, 4.4222376E+001, 4.1669603E+001, 4.0405365E+001
 3.1500002E+003,20, 0.0000000E+000, 1.0000000E-003, 3.0000000E-003, 7.0000000E-003, 1.5000000E-002, 2.3000000E-002, 2.7000000E-002, 2.9000000E-002, 3.0000000E-002, 3.0531915E-002, 3.1595745E-002, 3.3723404E-002, 3.7978723E-002, 4.6489362E-002, 6.3510638E-002, 7.2021277E-002, 7.6276596E-002, 7.8404255E-002, 7.9468085E-002, 8.0000000E-002, 3.1252483E+002, 3.1044950E+002, 3.0642167E+002, 2.9907001E+002, 2.8723648E+002, 2.7931297E+002, 2.7685194E+002, 2.7599989E+002, 2.7427543E+002, 2.7126719E+002, 2.6262265E+002, 2.4596077E+002, 2.1508663E+002, 1.6251295E+002, 8.7151187E+001, 6.1111677E+001, 4.9879303E+001, 4.4565990E+001, 4.1966928E+001, 4.0679524E+001
 3.1800010E+003,20, 0.0000000E+000, 1.0000000E-003, 3.0000000E-003, 7.0000000E-003, 1.5000000E-002, 2.3000000E-002, 2.7000000E-002, 2.9000000E-002, 3.0000000E-002, 3.0531915E-002, 3.1595745E-002, 3.3723404E-002, 3.7978723E-002, 4.6489362E-002, 6.3510638E-002, 7.2021277E-002, 7.6276596E-002, 7.8404255E-002, 7.9468085E-002, 8.0000000E-002, 3.1433158E+002, 3.1219345E+002, 3.0822910E+002, 3.0095282E+002, 2.8919211E+002, 2.8131554E+002, 2.7886498E+002, 2.7801454E+002, 2.7628800E+002, 2.7327524E+002, 2.6461622E+002, 2.4791966E+002, 2.1695544E+002, 1.6413403E+002, 8.8129437E+001, 6.1730302E+001, 5.0314507E+001, 4.4908939E+001, 4.2263642E+001, 4.0953096E+001
 3.2100007E+003,20, 0.0000000E+000, 1.0000000E-003, 3.0000000E-003, 7.0000000E-003, 1.5000000E-002, 2.3000000E-002, 2.7000000E-002, 2.9000000E-002, 3.0000000E-002, 3.0531915E-002, 3.1595745E-002, 3.3723404E-002, 3.7978723E-002, 4.6489362E-002, 6.3510638E-002, 7.2021277E-002, 7.6276596E-002, 7.8404255E-002, 7.9468085E-002, 8.0000000E-002, 3.1597534E+002, 3.1387450E+002, 3.0992979E+002, 3.0274861E+002, 2.9112047E+002, 2.8329942E+002, 2.8085935E+002, 2.8001049E+002, 2.7828195E+002, 2.7526482E+002, 2.6659185E+002, 2.4986178E+002, 2.1880991E+002, 1.6574556E+002, 8.9105018E+001, 6.2347774E+001, 5.0748943E+001, 4.5251246E+001, 4.2559764E+001, 4.1226099E+001
 3.2400020E+003,20, 0.0000000E+000, 1.0000000E-003, 3.0000000E-003, 7.0000000E-003, 1.5000000E-002, 2.3000000E-002, 2.7000000E-002, 2.9000000E-002, 3.0000000E-002, 3.0531915E-002, 3.1595745E-002, 3.3723404E-002, 3.7978723E-002, 4.6489362E-002, 6.3510638E-002, 7.2021277E-002, 7.6276596E-002, 7.8404255E-002, 7.9468085E-002, 8.0000000E-002, 3.1763778E+002, 3.1562584E+002, 3.1173824E+002, 3.0457817E+002, 2.9302314E+002, 2.8526018E+002, 2.8283246E+002, 2.8198560E+002, 2.8025535E+002, 2.7723427E+002, 2.6854836E+002, 2.5178639E+002, 2.2064946E+002, 1.6734698E+002, 9.0077463E+001, 6.2963780E+001, 5.1182387E+001, 4.5592735E+001, 4.2855142E+001, 4.1498391E+001
 3.2700005E+003,20, 0.0000000E+000, 1.0000000E-003, 3.0000000E-003, 7.0000000E-003, 1.5000000E-002, 2.3000000E-002, 2.7000000E-002, 2.9000000E-002, 3.0000000E-002, 3.0531915E-002, 3.1595745E-002, 3.3723404E-002, 3.7978723E-002, 4.6489362E-002, 6.3510638E-002, 7.2021277E-002, 7.6276596E-002, 7.8404255E-002, 7.9468085E-002, 8.0000000E-002, 3.1930257E+002, 3.1728970E+002, 3.1344766E+002, 3.0637363E+002, 2.9491202E+002, 2.8720049E+002, 2.8478427E+002, 2.8393933E+002, 2.8220753E+002, 2.7918282E+002, 2.7048497E+002, 2.5369300E+002, 2.2247416E+002, 1.6893853E+002, 9.1046815E+001, 6.3578326E+001, 5.1614840E+001, 4.5933405E+001, 4.3149775E+001, 4.1769974E+001
 3.3000007E+003,20, 0.0000000E+000, 1.0000000E-003, 3.0000000E-003, 7.0000000E-003, 1.5000000E-002, 2.3000000E-002, 2.7000000E-002, 2.9000000E-002, 3.0000000E-002, 3.0531915E-002, 3.1595745E-002, 3.3723404E-002, 3.7978723E-002, 4.6489362E-002, 6.3510638E-002, 7.2021277E-002, 7.6276596E-002, 7.8404255E-002, 7.9468085E-002, 8.0000000E-002, 3.2106431E+002, 3.1908466E+002, 3.1522648E+002, 3.0817042E+002, 2.9678132E+002, 2.8912081E+002, 2.8671581E+002, 2.8587274E+002, 2.8413948E+002, 2.8111132E+002, 2.7240211E+002, 2.5558147E+002, 2.2428356E+002, 1.7051990E+002, 9.2012810E+001, 6.4191226E+001, 5.2046169E+001, 4.6273150E+001, 4.3443572E+001, 4.2040762E+001
 3.3300027E+003,20, 0.0000000E+000, 1.0000000E-003, 3.0000000E-003, 7.0000000E-003, 1.5000000E-002, 2.3000000E-002, 2.7000000E-002, 2.9000000E-002, 3.0000000E-002, 3.0531915E-002, 3.1595745E-002, 3.3723404E-002, 3.7978723E-002, 4.6489362E-002, 6.3510638E-002, 7.2021277E-002, 7.6276596E-002, 7.8404255E-002, 7.9468085E-002, 8.0000000E-002, 3.2277123E+002, 3.2084201E+002, 3.1701967E+002, 3.0998602E+002, 2.9864509E+002, 2.9102395E+002, 2.8862853E+002, 2.8778707E+002, 2.8605234E+002, 2.8302082E+002, 2.7430060E+002, 2.5745230E+002, 2.2607782E+002, 1.7209107E+002, 9.2975371E+001, 6.4802414E+001, 5.2476323E+001, 4.6611931E+001, 4.3736498E+001, 4.2310724E+001
 3.3600027E+003,20, 0.0000000E+000, 1.0000000E-003, 3.0000000E-003, 7.0000000E-003, 1.5000000E-002, 2.3000000E-002, 2.7000000E-002, 2.9000000E-002, 3.0000000E-002, 3.0531915E-002, 3.1595745E-002, 3.3723404E-002, 3.7978723E-002, 4.6489362E-002, 6.3510638E-002, 7.2021277E-002, 7.6276596E-002, 7.8404255E-002, 7.9468085E-002, 8.0000000E-002, 3.2445029E+002, 3.2245755E+002, 3.1868594E+002, 3.1175477E+002, 3.0049886E+002, 2.9291304E+002, 2.9052526E+002, 2.8968497E+002, 2.8794861E+002, 2.8491356E+002, 2.7618204E+002, 2.5930620E+002, 2.2785683E+002, 1.7365160E+002, 9.3934143E+001, 6.5411647E+001, 5.2905127E+001, 4.6949610E+001, 4.4028435E+001, 4.2579751E+001
 3.3900005E+003,20, 0.0000000E+000, 1.0000000E-003, 3.0000000E-003, 7.0000000E-003, 1.5000000E-002, 2.3000000E-002, 2.7000000E-002, 2.9000000E-002, 3.0000000E-002, 3.0531915E-002, 3.1595745E-002, 3.3723404E-002, 3.7978723E-002, 4.6489362E-002, 6.3510638E-002, 7.2021277E-002, 7.6276596E-002, 7.8404255E-002, 7.9468085E-002, 8.0000000E-002, 3.2599991E+002, 3.2403588E+002, 3.2031500E+002, 3.1345866E+002, 3.0231906E+002, 2.9478528E+002, 2.9240683E+002, 2.9156793E+002, 2.8982996E+002, 2.8679136E+002, 2.7804841E+002, 2.6114492E+002, 2.2962157E+002, 1.7520175E+002, 9.4889146E+001, 6.6018920E+001, 5.3332577E+001, 4.7286182E+001, 4.4319379E+001, 4.2847840E+001
 3.4200007E+003,20, 0.0000000E+000, 1.0000000E-003, 3.0000000E-003, 7.0000000E-003, 1.5000000E-002, 2.3000000E-002, 2.7000000E-002, 2.9000000E-002, 3.0000000E-002, 3.0531915E-002, 3.1595745E-002, 3.3723404E-002, 3.7978723E-002, 4.6489362E-002, 6.3510638E-002, 7.2021277E-002, 7.6276596E-002, 7.8404255E-002, 7.9468085E-002, 8.0000000E-002, 3.2747774E+002, 3.2560024E+002, 3.2189439E+002, 3.1512811E+002, 3.0410953E+002, 2.9663609E+002, 2.9426959E+002, 2.9343268E+002, 2.9169342E+002, 2.8865168E+002, 2.7989831E+002, 2.6296842E+002, 2.3137269E+002, 1.7674183E+002, 9.5840401E+001, 6.6624231E+001, 5.3758665E+001, 4.7621642E+001, 4.4609326E+001, 4.3114986E+001
 3.4500024E+003,20, 0.0000000E+000, 1.0000000E-003, 3.0000000E-003, 7.0000000E-003, 1.5000000E-002, 2.3000000E-002, 2.7000000E-002, 2.9000000E-002, 3.0000000E-002, 3.0531915E-002, 3.1595745E-002, 3.3723404E-002, 3.7978723E-002, 4.6489362E-002, 6.3510638E-002, 7.2021277E-002, 7.6276596E-002, 7.8404255E-002, 7.9468085E-002, 8.0000000E-002, 3.2925700E+002, 3.2733243E+002, 3.2358403E+002, 3.1679780E+002, 3.0587223E+002, 2.9846284E+002, 2.9610991E+002, 2.9527540E+002, 2.9353522E+002, 2.9049089E+002, 2.8172855E+002, 2.6477453E+002, 2.3310925E+002, 1.7827137E+002, 9.6787477E+001, 6.7227284E+001, 5.4183183E+001, 4.7955825E+001, 4.4898133E+001, 4.3381060E+001
 3.4800015E+003,20, 0.0000000E+000, 1.0000000E-003, 3.0000000E-003, 7.0000000E-003, 1.5000000E-002, 2.3000000E-002, 2.7000000E-002, 2.9000000E-002, 3.0000000E-002, 3.0531915E-002, 3.1595745E-002, 3.3723404E-002, 3.7978723E-002, 4.6489362E-002, 6.3510638E-002, 7.2021277E-002, 7.6276596E-002, 7.8404255E-002, 7.9468085E-002, 8.0000000E-002, 3.3068205E+002, 3.2882043E+002, 3.2518018E+002, 3.1850047E+002, 3.0763552E+002, 3.0026966E+002, 2.9792829E+002, 2.9709594E+002, 2.9535500E+002, 2.9230845E+002, 2.8353826E+002, 2.6656232E+002, 2.3483094E+002, 1.7979065E+002, 9.7730486E+001, 6.7828132E+001, 5.4606164E+001, 4.8288757E+001, 4.5185822E+001, 4.3646081E+001
 3.5100010E+003,20, 0.0000000E+000, 1.0000000E-003, 3.0000000E-003, 7.0000000E-003, 1.5000000E-002, 2.3000000E-002, 2.7000000E-002, 2.9000000E-002, 3.0000000E-002, 3.0531915E-002, 3.1595745E-002, 3.3723404E-002, 3.7978723E-002, 4.6489362E-002, 6.3510638E-002, 7.2021277E-002, 7.6276596E-002, 7.8404255E-002, 7.9468085E-002, 8.0000000E-002, 3.3212888E+002, 3.3037984E+002, 3.2678355E+002, 3.2015318E+002, 3.0937640E+002, 3.0205914E+002, 2.9972818E+002, 2.9889767E+002, 2.9715588E+002, 2.9410707E+002, 2.8532910E+002, 2.6833201E+002, 2.3653707E+002, 1.8129916E+002, 9.8669126E+001, 6.8426567E+001, 5.5027458E+001, 4.8620320E+001, 4.5472293E+001, 4.3909956E+001
 3.5400005E+003,20, 0.0000000E+000, 1.0000000E-003, 3.0000000E-003, 7.0000000E-003, 1.5000000E-002, 2.3000000E-002, 2.7000000E-002, 2.9000000E-002, 3.0000000E-002, 3.0531915E-002, 3.1595745E-002, 3.3723404E-002, 3.7978723E-002, 4.6489362E-002, 6.3510638E-002, 7.2021277E-002, 7.6276596E-002, 7.8404255E-002, 7.9468085E-002, 8.0000000E-002, 3.3391330E+002, 3.3198518E+002, 3.2836242E+002, 3.2177775E+002, 3.1109473E+002, 3.0382968E+002, 3.0150975E+002, 3.0068120E+002, 2.9893863E+002, 2.9588768E+002, 2.8710224E+002, 2.7008470E+002, 2.3822810E+002, 1.8279691E+002, 9.9603372E+001, 6.9022557E+001, 5.5447041E+001, 4.8950495E+001, 4.5757529E+001, 4.4172672E+001
 3.5700024E+003,20, 0.0000000E+000, 1.0000000E-003, 3.0000000E-003, 7.0000000E-003, 1.5000000E-002, 2.3000000E-002, 2.7000000E-002, 2.9000000E-002, 3.0000000E-002, 3.0531915E-002, 3.1595745E-002, 3.3723404E-002, 3.7978723E-002, 4.6489362E-002, 6.3510638E-002, 7.2021277E-002, 7.6276596E-002, 7.8404255E-002, 7.9468085E-002, 8.0000000E-002, 3.3522048E+002, 3.3343417E+002, 3.2994712E+002, 3.2343312E+002, 3.1280547E+002, 3.0558227E+002, 3.0327263E+002, 3.0244598E+002, 3.0070273E+002, 2.9764979E+002, 2.8885739E+002, 2.7182038E+002, 2.3990417E+002, 1.8428380E+002, 1.0053310E+002, 6.9616011E+001, 5.5864846E+001, 4.9279228E+001, 4.6041484E+001, 4.4434185E+001
 3.6000000E+003,20, 0.0000000E+000, 1.0000000E-003, 3.0000000E-003, 7.0000000E-003, 1.5000000E-002, 2.3000000E-002, 2.7000000E-002, 2.9000000E-002, 3.0000000E-002, 3.0531915E-002, 3.1595745E-002, 3.3723404E-002, 3.7978723E-002, 4.6489362E-002, 6.3510638E-002, 7.2021277E-002, 7.6276596E-002, 7.8404255E-002, 7.9468085E-002, 8.0000000E-002, 3.3687020E+002, 3.3500558E+002, 3.3148410E+002, 3.2501893E+002, 3.1449271E+002, 3.0731827E+002, 3.0501860E+002, 3.0419371E+002, 3.0244973E+002, 2.9939481E+002, 2.9059549E+002, 2.7353949E+002, 2.4156533E+002, 1.8575975E+002, 1.0145817E+002, 7.0206833E+001, 5.6280803E+001, 4.9606466E+001, 4.6324112E+001, 4.4694454E+001
