s,kW,kW,kW,kW,kW,kW,kW,kW,kW,kW,kg/s,kg/s,kg/s
Time,HRR,HRR_OX,Q_RADI,Q_CONV,Q_COND,Q_DIFF,Q_PRES,Q_PART,Q_ENTH,Q_TOTAL,MLR_AIR,MLR_WOOD,MLR_PRODUCTS
 0.0000000E+000, 0.0000000E+000, 0.0000000E+000,-2.6025734E-006, 1.5901084E-024, 0.0000000E+000, 0.0000000E+000, 0.0000000E+000, 0.0000000E+000, 0.0000000E+000,-2.6025734E-006, 0.0000000E+000, 0.0000000E+000, 0.0000000E+000
 1.0005803E+001, 1.5472872E+000, 0.0000000E+000,-5.5285400E-001,-1.3213746E-001,-2.3491814E-001,-1.7213682E-018, 0.0000000E+000, 0.0000000E+000, 6.2532431E-001, 6.2737765E-001, 0.0000000E+000, 1.0439608E-004, 0.0000000E+000
 2.0004139E+001, 4.6761293E+000, 0.0000000E+000,-1.7047163E+000,-1.5217840E+000,-1.0123900E+000,-5.1595295E-018, 0.0000000E+000, 0.0000000E+000, 4.3747298E-001, 4.3723902E-001, 0.0000000E+000, 3.1267032E-004, 0.0000000E+000
 3.0003136E+001, 7.7861178E+000, 0.0000000E+000,-2.9088782E+000,-2.8644879E+000,-1.6808853E+000,-8.6058553E-018, 0.0000000E+000, 0.0000000E+000, 3.3369051E-001, 3.3186650E-001, 0.0000000E+000, 5.2096049E-004, 0.0000000E+000
 4.0003872E+001, 1.0906921E+001, 0.0000000E+000,-4.1603854E+000,-4.1916296E+000,-2.3168101E+000,-1.1842763E-017, 0.0000000E+000, 0.0000000E+000, 2.4224665E-001, 2.3809617E-001, 0.0000000E+000, 7.2928421E-004, 0.0000000E+000
 5.0000618E+001, 1.3987188E+001, 0.0000000E+000,-5.4862724E+000,-5.3829457E+000,-2.9198445E+000,-1.4604046E-017, 0.0000000E+000, 0.0000000E+000, 2.0363443E-001, 1.9812565E-001, 0.0000000E+000, 9.3758436E-004, 0.0000000E+000
 6.0000256E+001, 1.7120486E+001, 0.0000000E+000,-6.8530835E+000,-6.5876586E+000,-3.4738337E+000,-1.7179140E-017, 0.0000000E+000, 0.0000000E+000, 2.1332785E-001, 2.0591041E-001, 0.0000000E+000, 1.1458773E-003, 0.0000000E+000
 7.0000313E+001, 1.8762370E+001, 0.0000000E+000,-7.6336497E+000,-7.3955757E+000,-3.7378420E+000,-1.8346521E-017, 0.0000000E+000, 0.0000000E+000, 3.1903719E-003,-4.6971004E-003, 0.0000000E+000, 1.2500000E-003, 0.0000000E+000
 8.0001549E+001, 1.8759217E+001, 0.0000000E+000,-7.6421097E+000,-7.4512780E+000,-3.6846604E+000,-1.8248857E-017, 0.0000000E+000, 0.0000000E+000,-9.6039319E-003,-1.8830639E-002, 0.0000000E+000, 1.2500000E-003, 0.0000000E+000
 9.0000275E+001, 1.8731226E+001, 0.0000000E+000,-7.6198108E+000,-7.5056240E+000,-3.5589541E+000,-1.8256460E-017, 0.0000000E+000, 0.0000000E+000, 5.5224220E-002, 4.6837147E-002, 0.0000000E+000, 1.2500000E-003, 0.0000000E+000
 1.0000015E+002, 1.8762027E+001, 0.0000000E+000,-7.6535471E+000,-7.6047341E+000,-3.5288010E+000,-1.8227536E-017, 0.0000000E+000, 0.0000000E+000,-1.5748321E-002,-2.5055585E-002, 0.0000000E+000, 1.2500000E-003, 0.0000000E+000
 1.1000218E+002, 1.8702822E+001, 0.0000000E+000,-7.6062349E+000,-7.6592980E+000,-3.4295264E+000,-1.8277260E-017, 0.0000000E+000, 0.0000000E+000, 1.7162635E-002, 7.7624301E-003, 0.0000000E+000, 1.2500000E-003, 0.0000000E+000
 1.2000242E+002, 1.8802021E+001, 0.0000000E+000,-7.6774601E+000,-7.7316973E+000,-3.3986001E+000,-1.8291407E-017, 0.0000000E+000, 0.0000000E+000, 3.3079903E-003,-5.7368630E-003, 0.0000000E+000, 1.2500000E-003, 0.0000000E+000
 1.3000166E+002, 1.8742112E+001, 0.0000000E+000,-7.6597654E+000,-7.8323314E+000,-3.2775797E+000,-1.8212678E-017, 0.0000000E+000, 0.0000000E+000,-1.8344336E-002,-2.7564414E-002, 0.0000000E+000, 1.2500000E-003, 0.0000000E+000
 1.4000304E+002, 1.8720403E+001, 0.0000000E+000,-7.6477058E+000,-7.8210104E+000,-3.2338863E+000,-1.8139921E-017, 0.0000000E+000, 0.0000000E+000, 2.6394816E-002, 1.7800592E-002, 0.0000000E+000, 1.2500000E-003, 0.0000000E+000
 1.5000166E+002, 1.8729234E+001, 0.0000000E+000,-7.6320257E+000,-7.9024530E+000,-3.1975695E+000,-1.8103716E-017, 0.0000000E+000, 0.0000000E+000, 6.2279987E-003,-2.8141072E-003, 0.0000000E+000, 1.2500000E-003, 0.0000000E+000
 1.6000043E+002, 1.8774796E+001, 0.0000000E+000,-7.6727313E+000,-7.9570550E+000,-3.1687717E+000,-1.8178746E-017, 0.0000000E+000, 0.0000000E+000,-1.3798755E-002,-2.3762008E-002, 0.0000000E+000, 1.2500000E-003, 0.0000000E+000
 1.7000067E+002, 1.8732425E+001, 0.0000000E+000,-7.6831992E+000,-7.9686568E+000,-3.0710318E+000,-1.8255639E-017, 0.0000000E+000, 0.0000000E+000, 1.8842026E-002, 9.5367234E-003, 0.0000000E+000, 1.2500000E-003, 0.0000000E+000
 1.8000127E+002, 1.8746944E+001, 0.0000000E+000,-7.6903761E+000,-8.0500112E+000,-3.0344352E+000,-1.8330960E-017, 0.0000000E+000, 0.0000000E+000,-1.8513056E-002,-2.7878134E-002, 0.0000000E+000, 1.2500000E-003, 0.0000000E+000
 1.9000073E+002, 1.8764744E+001, 0.0000000E+000,-7.6807253E+000,-8.0525118E+000,-2.9731345E+000,-1.8207299E-017, 0.0000000E+000, 0.0000000E+000, 6.7417532E-002, 5.8372569E-002, 0.0000000E+000, 1.2500000E-003, 0.0000000E+000
 2.0000060E+002, 1.8727145E+001, 0.0000000E+000,-7.6584808E+000,-8.1879587E+000,-2.9347908E+000,-1.8148867E-017, 0.0000000E+000, 0.0000000E+000,-4.3885239E-002,-5.4085028E-002, 0.0000000E+000, 1.2500000E-003, 0.0000000E+000
 2.1000276E+002, 1.8736146E+001, 0.0000000E+000,-7.6840646E+000,-8.1719706E+000,-2.8972339E+000,-1.8117873E-017, 0.0000000E+000, 0.0000000E+000,-7.2063822E-003,-1.7123188E-002, 0.0000000E+000, 1.2500000E-003, 0.0000000E+000
 2.2000093E+002, 1.8763670E+001, 0.0000000E+000,-7.6667714E+000,-8.2302127E+000,-2.8452634E+000,-1.8134978E-017, 0.0000000E+000, 0.0000000E+000, 3.2691059E-002, 2.1422628E-002, 0.0000000E+000, 1.2500000E-003, 0.0000000E+000
 2.3000079E+002, 1.8776932E+001, 0.0000000E+000,-7.6985839E+000,-8.2624997E+000,-2.8210074E+000,-1.8151254E-017, 0.0000000E+000, 0.0000000E+000, 5.2425963E-003,-5.1593417E-003, 0.0000000E+000, 1.2500000E-003, 0.0000000E+000
 2.4000175E+002, 1.8727303E+001, 0.0000000E+000,-7.6969375E+000,-8.3030710E+000,-2.7444763E+000,-1.8117696E-017, 0.0000000E+000, 0.0000000E+000,-7.0215447E-003,-1.7181524E-002, 0.0000000E+000, 1.2500000E-003, 0.0000000E+000
 2.5000241E+002, 1.8730359E+001, 0.0000000E+000,-7.6507128E+000,-8.3720391E+000,-2.7355853E+000,-1.8168043E-017, 0.0000000E+000, 0.0000000E+000,-1.7813001E-002,-2.7978076E-002, 0.0000000E+000, 1.2500000E-003, 0.0000000E+000
 2.6000073E+002, 1.8782187E+001, 0.0000000E+000,-7.6654248E+000,-8.3746364E+000,-2.7013074E+000,-1.8115928E-017, 0.0000000E+000, 0.0000000E+000, 5.1721783E-002, 4.0817988E-002, 0.0000000E+000, 1.2500000E-003, 0.0000000E+000
 2.7000186E+002, 1.8758549E+001, 0.0000000E+000,-7.6572456E+000,-8.4519818E+000,-2.6593278E+000,-1.8126073E-017, 0.0000000E+000, 0.0000000E+000, 1.3986955E-003,-1.0005678E-002, 0.0000000E+000, 1.2500000E-003, 0.0000000E+000
 2.8000021E+002, 1.8753710E+001, 0.0000000E+000,-7.6987166E+000,-8.4525389E+000,-2.6145356E+000,-1.8135608E-017, 0.0000000E+000, 0.0000000E+000,-2.5210544E-003,-1.2081163E-002, 0.0000000E+000, 1.2500000E-003, 0.0000000E+000
 2.9000244E+002, 1.8721715E+001, 0.0000000E+000,-7.6372985E+000,-8.5360705E+000,-2.5547885E+000,-1.7977535E-017, 0.0000000E+000, 0.0000000E+000, 4.3850655E-003,-6.4424278E-003, 0.0000000E+000, 1.2500000E-003, 0.0000000E+000
 3.0000067E+002, 1.8755291E+001, 0.0000000E+000,-7.6862981E+000,-8.5320521E+000,-2.5597559E+000,-1.8093330E-017, 0.0000000E+000, 0.0000000E+000,-1.1689640E-002,-2.2815155E-002, 0.0000000E+000, 1.2500000E-003, 0.0000000E+000
 3.1000073E+002, 1.8738510E+001, 0.0000000E+000,-7.6662206E+000,-8.5476317E+000,-2.5266411E+000,-1.8008618E-017, 0.0000000E+000, 0.0000000E+000, 8.2637657E-003,-1.9833827E-003, 0.0000000E+000, 1.2500000E-003, 0.0000000E+000
 3.2000256E+002, 1.8732161E+001, 0.0000000E+000,-7.6249995E+000,-8.6275633E+000,-2.4860572E+000,-1.8061166E-017, 0.0000000E+000, 0.0000000E+000, 3.2706337E-003,-6.4588728E-003, 0.0000000E+000, 1.2500000E-003, 0.0000000E+000
 3.3000079E+002, 1.8757156E+001, 0.0000000E+000,-7.6347825E+000,-8.6572969E+000,-2.4748543E+000,-1.8013524E-017, 0.0000000E+000, 0.0000000E+000, 2.6903280E-003,-9.7778940E-003, 0.0000000E+000, 1.2500000E-003, 0.0000000E+000
 3.4000150E+002, 1.8771035E+001, 0.0000000E+000,-7.6369325E+000,-8.6952344E+000,-2.4287185E+000,-1.7935550E-017, 0.0000000E+000, 0.0000000E+000, 2.0089691E-002, 1.0149364E-002, 0.0000000E+000, 1.2500000E-003, 0.0000000E+000
 3.5000299E+002, 1.8745716E+001, 0.0000000E+000,-7.6185258E+000,-8.7219704E+000,-2.4041410E+000,-1.8000018E-017, 0.0000000E+000, 0.0000000E+000, 1.2313499E-002, 1.0793009E-003, 0.0000000E+000, 1.2500000E-003, 0.0000000E+000
 3.6000195E+002, 1.8750477E+001, 0.0000000E+000,-7.6652690E+000,-8.7043333E+000,-2.3721439E+000,-1.7854619E-017, 0.0000000E+000, 0.0000000E+000, 1.8829255E-002, 8.7312972E-003, 0.0000000E+000, 1.2500000E-003, 0.0000000E+000
 3.7000098E+002, 1.8723719E+001, 0.0000000E+000,-7.6126205E+000,-8.8181802E+000,-2.3482284E+000,-1.8032956E-017, 0.0000000E+000, 0.0000000E+000,-4.4453054E-002,-5.5309860E-002, 0.0000000E+000, 1.2500000E-003, 0.0000000E+000
 3.8000211E+002, 1.8784280E+001, 0.0000000E+000,-7.6457136E+000,-8.7943761E+000,-2.3214151E+000,-1.8062371E-017, 0.0000000E+000, 0.0000000E+000, 3.3400390E-002, 2.2774889E-002, 0.0000000E+000, 1.2500000E-003, 0.0000000E+000
 3.9000043E+002, 1.8711799E+001, 0.0000000E+000,-7.5859711E+000,-8.8425777E+000,-2.3199313E+000,-1.8056843E-017, 0.0000000E+000, 0.0000000E+000,-2.5561136E-002,-3.6680865E-002, 0.0000000E+000, 1.2500000E-003, 0.0000000E+000
 4.0000253E+002, 1.8763991E+001, 0.0000000E+000,-7.6470346E+000,-8.8442860E+000,-2.2559452E+000,-1.7795139E-017, 0.0000000E+000, 0.0000000E+000, 2.8000131E-002, 1.6725167E-002, 0.0000000E+000, 1.2500000E-003, 0.0000000E+000
 4.1000281E+002, 1.8719674E+001, 0.0000000E+000,-7.6011578E+000,-8.8979485E+000,-2.2621760E+000,-1.7882877E-017, 0.0000000E+000, 0.0000000E+000,-3.0535794E-002,-4.1608603E-002, 0.0000000E+000, 1.2500000E-003, 0.0000000E+000
 4.2000311E+002, 1.8756955E+001, 0.0000000E+000,-7.6087566E+000,-8.8589358E+000,-2.2661950E+000,-1.7993791E-017, 0.0000000E+000, 0.0000000E+000, 3.3729595E-002, 2.3067730E-002, 0.0000000E+000, 1.2500000E-003, 0.0000000E+000
 4.3000204E+002, 1.8747021E+001, 0.0000000E+000,-7.6099021E+000,-8.9336190E+000,-2.2488379E+000,-1.8007521E-017, 0.0000000E+000, 0.0000000E+000,-3.4955729E-002,-4.5337553E-002, 0.0000000E+000, 1.2500000E-003, 0.0000000E+000
 4.4000058E+002, 1.8754142E+001, 0.0000000E+000,-7.5898986E+000,-8.9341109E+000,-2.2292799E+000,-1.7888514E-017, 0.0000000E+000, 0.0000000E+000, 1.2352855E-002, 8.5239176E-004, 0.0000000E+000, 1.2500000E-003, 0.0000000E+000
 4.5000073E+002, 1.8753889E+001, 0.0000000E+000,-7.5707029E+000,-9.0031177E+000,-2.2094139E+000,-1.7968496E-017, 0.0000000E+000, 0.0000000E+000,-1.8751754E-002,-2.9345759E-002, 0.0000000E+000, 1.2500000E-003, 0.0000000E+000
 4.6000183E+002, 1.8775536E+001, 0.0000000E+000,-7.5942611E+000,-8.9998926E+000,-2.1542109E+000,-1.7850420E-017, 0.0000000E+000, 0.0000000E+000, 3.7950678E-002, 2.7171721E-002, 0.0000000E+000, 1.2500000E-003, 0.0000000E+000
 4.7000003E+002, 1.8732408E+001, 0.0000000E+000,-7.6346305E+000,-8.9607314E+000,-2.1356691E+000,-1.7871286E-017, 0.0000000E+000, 0.0000000E+000, 1.2484156E-002, 1.3769127E-003, 0.0000000E+000, 1.2500000E-003, 0.0000000E+000
 4.8000305E+002, 1.8754176E+001, 0.0000000E+000,-7.6092405E+000,-9.0441204E+000,-2.1168915E+000,-1.7830452E-017, 0.0000000E+000, 0.0000000E+000,-5.3451316E-003,-1.6076493E-002, 0.0000000E+000, 1.2500000E-003, 0.0000000E+000
 4.9000012E+002, 1.8761616E+001, 0.0000000E+000,-7.6347055E+000,-9.0332210E+000,-2.0769003E+000,-1.7834883E-017, 0.0000000E+000, 0.0000000E+000, 2.7293230E-002, 1.6788823E-002, 0.0000000E+000, 1.2500000E-003, 0.0000000E+000
 5.0000281E+002, 1.8740893E+001, 0.0000000E+000,-7.6043550E+000,-9.1098270E+000,-2.0832885E+000,-1.7838096E-017, 0.0000000E+000, 0.0000000E+000,-4.4668715E-002,-5.6577481E-002, 0.0000000E+000, 1.2500000E-003, 0.0000000E+000
 5.1000128E+002, 1.8713698E+001, 0.0000000E+000,-7.6048787E+000,-9.0559007E+000,-2.0356304E+000,-1.7757455E-017, 0.0000000E+000, 0.0000000E+000, 2.7709051E-002, 1.7287928E-002, 0.0000000E+000, 1.2500000E-003, 0.0000000E+000
 5.2000220E+002, 1.8751421E+001, 0.0000000E+000,-7.6115184E+000,-9.0705450E+000,-2.0511039E+000,-1.7851992E-017, 0.0000000E+000, 0.0000000E+000, 2.8095784E-002, 1.8253452E-002, 0.0000000E+000, 1.2500000E-003, 0.0000000E+000
 5.3000220E+002, 1.8748239E+001, 0.0000000E+000,-7.5892022E+000,-9.1813733E+000,-2.0307753E+000,-1.7829364E-017, 0.0000000E+000, 0.0000000E+000,-4.1233658E-002,-5.3112173E-002, 0.0000000E+000, 1.2500000E-003, 0.0000000E+000
 5.4000061E+002, 1.8752702E+001, 0.0000000E+000,-7.5872081E+000,-9.1629000E+000,-1.9990848E+000,-1.7802191E-017, 0.0000000E+000, 0.0000000E+000, 1.5350924E-002, 3.5094640E-003, 0.0000000E+000, 1.2500000E-003, 0.0000000E+000
 5.5000067E+002, 1.8751121E+001, 0.0000000E+000,-7.5638986E+000,-9.2125051E+000,-2.0111290E+000,-1.7724586E-017, 0.0000000E+000, 0.0000000E+000,-2.4691151E-002,-3.6411943E-002, 0.0000000E+000, 1.2500000E-003, 0.0000000E+000
 5.6000012E+002, 1.8763558E+001, 0.0000000E+000,-7.6075510E+000,-9.1188830E+000,-1.9938222E+000,-1.7820706E-017, 0.0000000E+000, 0.0000000E+000, 5.5299832E-002, 4.3302225E-002, 0.0000000E+000, 1.2500000E-003, 0.0000000E+000
 5.7000269E+002, 1.8740926E+001, 0.0000000E+000,-7.5652461E+000,-9.2444086E+000,-1.9465610E+000,-1.7690884E-017, 0.0000000E+000, 0.0000000E+000,-4.7023352E-003,-1.5289376E-002, 0.0000000E+000, 1.2500000E-003, 0.0000000E+000
 5.8000269E+002, 1.8742306E+001, 0.0000000E+000,-7.5410569E+000,-9.2530152E+000,-1.9359205E+000,-1.7731558E-017, 0.0000000E+000, 0.0000000E+000, 2.2198239E-002, 1.2313250E-002, 0.0000000E+000, 1.2500000E-003, 0.0000000E+000
 5.9000104E+002, 1.8753429E+001, 0.0000000E+000,-7.6053135E+000,-9.2348349E+000,-1.9522257E+000,-1.7858866E-017, 0.0000000E+000, 0.0000000E+000,-2.7789691E-002,-3.8944786E-002, 0.0000000E+000, 1.2500000E-003, 0.0000000E+000
 6.0000146E+002, 1.8763511E+001, 0.0000000E+000,-7.5702153E+000,-9.2819750E+000,-1.9266011E+000,-1.7762175E-017, 0.0000000E+000, 0.0000000E+000,-3.0883638E-003,-1.5280708E-002, 0.0000000E+000, 1.2500000E-003, 0.0000000E+000
 6.1000104E+002, 1.8709740E+001, 0.0000000E+000,-7.5049327E+000,-9.2768745E+000,-1.9170453E+000,-1.7701762E-017, 0.0000000E+000, 0.0000000E+000, 2.3145799E-002, 1.0887660E-002, 0.0000000E+000, 1.2500000E-003, 0.0000000E+000
 6.2000189E+002, 1.8730511E+001, 0.0000000E+000,-7.5560432E+000,-9.3088461E+000,-1.9097270E+000,-1.7727056E-017, 0.0000000E+000, 0.0000000E+000,-3.2130748E-002,-4.4105327E-002, 0.0000000E+000, 1.2500000E-003, 0.0000000E+000
 6.3000122E+002, 1.8783113E+001, 0.0000000E+000,-7.6103718E+000,-9.2859574E+000,-1.8667845E+000,-1.7633224E-017, 0.0000000E+000, 0.0000000E+000, 3.2187994E-002, 1.9999132E-002, 0.0000000E+000, 1.2500000E-003, 0.0000000E+000
 6.4000049E+002, 1.8741030E+001, 0.0000000E+000,-7.5624191E+000,-9.3247340E+000,-1.8814641E+000,-1.7684429E-017, 0.0000000E+000, 0.0000000E+000,-1.6925395E-002,-2.7586831E-002, 0.0000000E+000, 1.2500000E-003, 0.0000000E+000
 6.5000299E+002, 1.8766343E+001, 0.0000000E+000,-7.5823193E+000,-9.2915367E+000,-1.8470282E+000,-1.7658786E-017, 0.0000000E+000, 0.0000000E+000, 5.6029871E-002, 4.5458756E-002, 0.0000000E+000, 1.2500000E-003, 0.0000000E+000
 6.6000079E+002, 1.8716008E+001, 0.0000000E+000,-7.5633006E+000,-9.3452588E+000,-1.8414257E+000,-1.7702967E-017, 0.0000000E+000, 0.0000000E+000,-2.2414939E-002,-3.3976624E-002, 0.0000000E+000, 1.2500000E-003, 0.0000000E+000
 6.7000128E+002, 1.8735118E+001, 0.0000000E+000,-7.5597857E+000,-9.3544087E+000,-1.8438940E+000,-1.7627255E-017, 0.0000000E+000, 0.0000000E+000,-1.1586388E-002,-2.2970014E-002, 0.0000000E+000, 1.2500000E-003, 0.0000000E+000
 6.8000110E+002, 1.8743953E+001, 0.0000000E+000,-7.5459562E+000,-9.4124385E+000,-1.8386210E+000,-1.7721596E-017, 0.0000000E+000, 0.0000000E+000,-4.1386746E-002,-5.3062821E-002, 0.0000000E+000, 1.2500000E-003, 0.0000000E+000
 6.9000189E+002, 1.8787601E+001, 0.0000000E+000,-7.5627717E+000,-9.3672419E+000,-1.8325582E+000,-1.7682764E-017, 0.0000000E+000, 0.0000000E+000, 3.7149901E-002, 2.5029205E-002, 0.0000000E+000, 1.2500000E-003, 0.0000000E+000
 7.0000220E+002, 1.8740564E+001, 0.0000000E+000,-7.5374913E+000,-9.3996749E+000,-1.8281187E+000,-1.7725623E-017, 0.0000000E+000, 0.0000000E+000,-1.2710164E-002,-2.4721393E-002, 0.0000000E+000, 1.2500000E-003, 0.0000000E+000
 7.1000220E+002, 1.8738839E+001, 0.0000000E+000,-7.5445988E+000,-9.4059702E+000,-1.8015599E+000,-1.7651172E-017, 0.0000000E+000, 0.0000000E+000,-1.4017003E-003,-1.3289463E-002, 0.0000000E+000, 1.2500000E-003, 0.0000000E+000
 7.2000159E+002, 1.8765559E+001, 0.0000000E+000,-7.6124782E+000,-9.3721870E+000,-1.7677455E+000,-1.7571162E-017, 0.0000000E+000, 0.0000000E+000, 2.5445427E-002, 1.3147894E-002, 0.0000000E+000, 1.2500000E-003, 0.0000000E+000
 7.3000250E+002, 1.8764917E+001, 0.0000000E+000,-7.5622506E+000,-9.4257852E+000,-1.7679694E+000,-1.7590762E-017, 0.0000000E+000, 0.0000000E+000, 2.0849364E-002, 8.9123515E-003, 0.0000000E+000, 1.2500000E-003, 0.0000000E+000
 7.4000244E+002, 1.8755238E+001, 0.0000000E+000,-7.5494276E+000,-9.4518160E+000,-1.7651204E+000,-1.7612740E-017, 0.0000000E+000, 0.0000000E+000, 1.1248764E-003,-1.1125993E-002, 0.0000000E+000, 1.2500000E-003, 0.0000000E+000
 7.5000195E+002, 1.8690626E+001, 0.0000000E+000,-7.5611013E+000,-9.4097001E+000,-1.7403166E+000,-1.7571837E-017, 0.0000000E+000, 0.0000000E+000,-8.6676938E-003,-2.0492280E-002, 0.0000000E+000, 1.2500000E-003, 0.0000000E+000
 7.6000299E+002, 1.8767104E+001, 0.0000000E+000,-7.5683533E+000,-9.4537251E+000,-1.7541841E+000,-1.7523147E-017, 0.0000000E+000, 0.0000000E+000, 2.4394697E-003,-9.1587316E-003, 0.0000000E+000, 1.2500000E-003, 0.0000000E+000
 7.7000049E+002, 1.8733693E+001, 0.0000000E+000,-7.5348287E+000,-9.4798416E+000,-1.7508318E+000,-1.7563237E-017, 0.0000000E+000, 0.0000000E+000,-1.9543844E-002,-3.1808751E-002, 0.0000000E+000, 1.2500000E-003, 0.0000000E+000
 7.8000146E+002, 1.8747158E+001, 0.0000000E+000,-7.5465706E+000,-9.4814597E+000,-1.7421154E+000,-1.7599109E-017, 0.0000000E+000, 0.0000000E+000,-9.7076549E-003,-2.2987351E-002, 0.0000000E+000, 1.2500000E-003, 0.0000000E+000
 7.9000183E+002, 1.8776349E+001, 0.0000000E+000,-7.5110251E+000,-9.4858563E+000,-1.7477238E+000,-1.7586917E-017, 0.0000000E+000, 0.0000000E+000, 4.3113584E-002, 3.1743529E-002, 0.0000000E+000, 1.2500000E-003, 0.0000000E+000
 8.0000287E+002, 1.8732651E+001, 0.0000000E+000,-7.5284783E+000,-9.5113922E+000,-1.7263068E+000,-1.7535648E-017, 0.0000000E+000, 0.0000000E+000,-2.1542380E-002,-3.3525939E-002, 0.0000000E+000, 1.2500000E-003, 0.0000000E+000
 8.1000226E+002, 1.8757327E+001, 0.0000000E+000,-7.5463033E+000,-9.4899293E+000,-1.7123429E+000,-1.7452293E-017, 0.0000000E+000, 0.0000000E+000, 2.1220897E-002, 8.7511025E-003, 0.0000000E+000, 1.2500000E-003, 0.0000000E+000
 8.2000275E+002, 1.8745738E+001, 0.0000000E+000,-7.5420993E+000,-9.5410330E+000,-1.6801995E+000,-1.7475862E-017, 0.0000000E+000, 0.0000000E+000,-6.6911388E-003,-1.7593455E-002, 0.0000000E+000, 1.2500000E-003, 0.0000000E+000
 8.3000177E+002, 1.8737787E+001, 0.0000000E+000,-7.5578543E+000,-9.5171636E+000,-1.6767514E+000,-1.7475424E-017, 0.0000000E+000, 0.0000000E+000,-2.1613205E-003,-1.3982727E-002, 0.0000000E+000, 1.2500000E-003, 0.0000000E+000
 8.4000153E+002, 1.8745422E+001, 0.0000000E+000,-7.5701691E+000,-9.5048410E+000,-1.6630492E+000,-1.7457311E-017, 0.0000000E+000, 0.0000000E+000, 1.8626259E-002, 7.3626270E-003, 0.0000000E+000, 1.2500000E-003, 0.0000000E+000
 8.5000006E+002, 1.8741547E+001, 0.0000000E+000,-7.5724849E+000,-9.5453429E+000,-1.6462404E+000,-1.7409761E-017, 0.0000000E+000, 0.0000000E+000,-1.1605276E-002,-2.2520828E-002, 0.0000000E+000, 1.2500000E-003, 0.0000000E+000
 8.6000134E+002, 1.8759046E+001, 0.0000000E+000,-7.4871453E+000,-9.6137709E+000,-1.6639252E+000,-1.7453769E-017, 0.0000000E+000, 0.0000000E+000, 7.0159059E-003,-5.7954639E-003, 0.0000000E+000, 1.2500000E-003, 0.0000000E+000
 8.7000293E+002, 1.8741448E+001, 0.0000000E+000,-7.5368820E+000,-9.5644120E+000,-1.6424392E+000,-1.7411104E-017, 0.0000000E+000, 0.0000000E+000, 8.9062959E-003,-2.2855233E-003, 0.0000000E+000, 1.2500000E-003, 0.0000000E+000
 8.8000189E+002, 1.8785528E+001, 0.0000000E+000,-7.5350892E+000,-9.5872444E+000,-1.6817217E+000,-1.7372311E-017, 0.0000000E+000, 0.0000000E+000,-5.6535315E-003,-1.8527742E-002, 0.0000000E+000, 1.2500000E-003, 0.0000000E+000
 8.9000238E+002, 1.8737180E+001, 0.0000000E+000,-7.4856512E+000,-9.6216942E+000,-1.6450966E+000,-1.7485436E-017, 0.0000000E+000, 0.0000000E+000,-4.1876581E-003,-1.5262220E-002, 0.0000000E+000, 1.2500000E-003, 0.0000000E+000
 9.0000085E+002, 1.8724345E+001, 0.0000000E+000,-7.5404134E+000,-9.6030082E+000,-1.6279251E+000,-1.7540833E-017, 0.0000000E+000, 0.0000000E+000,-3.4936184E-002,-4.7002154E-002, 0.0000000E+000, 1.2500000E-003, 0.0000000E+000
 9.1000244E+002, 1.8766634E+001, 0.0000000E+000,-7.5534771E+000,-9.5794299E+000,-1.6244356E+000,-1.7460959E-017, 0.0000000E+000, 0.0000000E+000, 2.1696628E-002, 9.2911603E-003, 0.0000000E+000, 1.2500000E-003, 0.0000000E+000
 9.2000134E+002, 1.8721797E+001, 0.0000000E+000,-7.5114463E+000,-9.5873688E+000,-1.6362992E+000,-1.7507960E-017, 0.0000000E+000, 0.0000000E+000,-1.1912143E-003,-1.3317218E-002, 0.0000000E+000, 1.2500000E-003, 0.0000000E+000
 9.3000232E+002, 1.8790772E+001, 0.0000000E+000,-7.5267379E+000,-9.6230043E+000,-1.6139587E+000,-1.7454691E-017, 0.0000000E+000, 0.0000000E+000, 3.8998661E-002, 2.7071465E-002, 0.0000000E+000, 1.2500000E-003, 0.0000000E+000
 9.4000049E+002, 1.8707849E+001, 0.0000000E+000,-7.5036381E+000,-9.6492115E+000,-1.6094504E+000,-1.7432909E-017, 0.0000000E+000, 0.0000000E+000,-4.1384686E-002,-5.4451481E-002, 0.0000000E+000, 1.2500000E-003, 0.0000000E+000
 9.5000085E+002, 1.8779695E+001, 0.0000000E+000,-7.4938023E+000,-9.6570479E+000,-1.5911645E+000,-1.7418067E-017, 0.0000000E+000, 0.0000000E+000, 5.0673536E-002, 3.7680705E-002, 0.0000000E+000, 1.2500000E-003, 0.0000000E+000
 9.6000061E+002, 1.8709417E+001, 0.0000000E+000,-7.4811927E+000,-9.6827725E+000,-1.6147325E+000,-1.7399129E-017, 0.0000000E+000, 0.0000000E+000,-5.5815280E-002,-6.9281286E-002, 0.0000000E+000, 1.2500000E-003, 0.0000000E+000
 9.7000140E+002, 1.8764141E+001, 0.0000000E+000,-7.5121184E+000,-9.6297052E+000,-1.5905815E+000,-1.7417530E-017, 0.0000000E+000, 0.0000000E+000, 4.2967807E-002, 3.1736163E-002, 0.0000000E+000, 1.2500000E-003, 0.0000000E+000
 9.8000238E+002, 1.8717210E+001, 0.0000000E+000,-7.5274361E+000,-9.6552231E+000,-1.5656183E+000,-1.7344084E-017, 0.0000000E+000, 0.0000000E+000,-1.8466008E-002,-3.1067794E-002, 0.0000000E+000, 1.2500000E-003, 0.0000000E+000
 9.9000250E+002, 1.8786621E+001, 0.0000000E+000,-7.5299001E+000,-9.6514403E+000,-1.5717116E+000,-1.7267447E-017, 0.0000000E+000, 0.0000000E+000, 4.6486843E-002, 3.3568528E-002, 0.0000000E+000, 1.2500000E-003, 0.0000000E+000
 1.0000025E+003, 1.8731742E+001, 0.0000000E+000,-7.5147523E+000,-9.7053901E+000,-1.5526342E+000,-1.7257186E-017, 0.0000000E+000, 0.0000000E+000,-2.9638717E-002,-4.1034255E-002, 0.0000000E+000, 1.2500000E-003, 0.0000000E+000
 1.0100022E+003, 1.8759262E+001, 0.0000000E+000,-7.5090063E+000,-9.7054674E+000,-1.5822981E+000,-1.7371274E-017, 0.0000000E+000, 0.0000000E+000,-2.5647074E-002,-3.7510285E-002, 0.0000000E+000, 1.2500000E-003, 0.0000000E+000
 1.0200018E+003, 1.8774854E+001, 0.0000000E+000,-7.4879422E+000,-9.7029543E+000,-1.5458246E+000,-1.7363736E-017, 0.0000000E+000, 0.0000000E+000, 4.8704933E-002, 3.8132850E-002, 0.0000000E+000, 1.2500000E-003, 0.0000000E+000
 1.0300018E+003, 1.8714873E+001, 0.0000000E+000,-7.5020535E+000,-9.7259636E+000,-1.5464551E+000,-1.7389363E-017, 0.0000000E+000, 0.0000000E+000,-4.7152670E-002,-5.9599281E-002, 0.0000000E+000, 1.2500000E-003, 0.0000000E+000
 1.0400026E+003, 1.8747285E+001, 0.0000000E+000,-7.5271570E+000,-9.6784650E+000,-1.5236831E+000,-1.7277124E-017, 0.0000000E+000, 0.0000000E+000, 2.9788028E-002, 1.7980210E-002, 0.0000000E+000, 1.2500000E-003, 0.0000000E+000
 1.0500001E+003, 1.8719701E+001, 0.0000000E+000,-7.5048252E+000,-9.7203344E+000,-1.5285764E+000,-1.7298920E-017, 0.0000000E+000, 0.0000000E+000,-2.1320921E-002,-3.4034647E-002, 0.0000000E+000, 1.2500000E-003, 0.0000000E+000
 1.0600002E+003, 1.8766574E+001, 0.0000000E+000,-7.5407046E+000,-9.7163509E+000,-1.5031021E+000,-1.7330195E-017, 0.0000000E+000, 0.0000000E+000, 1.8044441E-002, 6.4165148E-003, 0.0000000E+000, 1.2500000E-003, 0.0000000E+000
 1.0700020E+003, 1.8743375E+001, 0.0000000E+000,-7.4754838E+000,-9.7861232E+000,-1.5046233E+000,-1.7211545E-017, 0.0000000E+000, 0.0000000E+000,-9.1327458E-003,-2.2855786E-002, 0.0000000E+000, 1.2500000E-003, 0.0000000E+000
 1.0800010E+003, 1.8737072E+001, 0.0000000E+000,-7.5051085E+000,-9.7658855E+000,-1.5002550E+000,-1.7326333E-017, 0.0000000E+000, 0.0000000E+000,-2.2242821E-002,-3.4177046E-002, 0.0000000E+000, 1.2500000E-003, 0.0000000E+000
 1.0900028E+003, 1.8785524E+001, 0.0000000E+000,-7.5019923E+000,-9.7809453E+000,-1.5023533E+000,-1.7383978E-017, 0.0000000E+000, 0.0000000E+000, 1.1767780E-002, 2.3272257E-004, 0.0000000E+000, 1.2500000E-003, 0.0000000E+000
 1.1000001E+003, 1.8781255E+001, 0.0000000E+000,-7.5078983E+000,-9.7562362E+000,-1.4947245E+000,-1.7400987E-017, 0.0000000E+000, 0.0000000E+000, 3.4464231E-002, 2.2396476E-002, 0.0000000E+000, 1.2500000E-003, 0.0000000E+000
 1.1100006E+003, 1.8709757E+001, 0.0000000E+000,-7.4505397E+000,-9.7904336E+000,-1.4909645E+000,-1.7372557E-017, 0.0000000E+000, 0.0000000E+000,-1.0960199E-002,-2.2180339E-002, 0.0000000E+000, 1.2500000E-003, 0.0000000E+000
 1.1200012E+003, 1.8775012E+001, 0.0000000E+000,-7.4896721E+000,-9.7806678E+000,-1.4940877E+000,-1.7375760E-017, 0.0000000E+000, 0.0000000E+000, 2.3344235E-002, 1.0584308E-002, 0.0000000E+000, 1.2500000E-003, 0.0000000E+000
 1.1300010E+003, 1.8746177E+001, 0.0000000E+000,-7.4848024E+000,-9.8036809E+000,-1.4750785E+000,-1.7307797E-017, 0.0000000E+000, 0.0000000E+000,-5.4263330E-003,-1.7384858E-002, 0.0000000E+000, 1.2500000E-003, 0.0000000E+000
 1.1400028E+003, 1.8731672E+001, 0.0000000E+000,-7.4972007E+000,-9.7836683E+000,-1.4614118E+000,-1.7295996E-017, 0.0000000E+000, 0.0000000E+000, 2.7470995E-004,-1.0609235E-002, 0.0000000E+000, 1.2500000E-003, 0.0000000E+000
 1.1500001E+003, 1.8766625E+001, 0.0000000E+000,-7.4672357E+000,-9.8061345E+000,-1.4866736E+000,-1.7235523E-017, 0.0000000E+000, 0.0000000E+000, 1.8812005E-002, 6.5814207E-003, 0.0000000E+000, 1.2500000E-003, 0.0000000E+000
 1.1600021E+003, 1.8728532E+001, 0.0000000E+000,-7.4729389E+000,-9.8219069E+000,-1.4500339E+000,-1.7255147E-017, 0.0000000E+000, 0.0000000E+000,-5.1709315E-003,-1.6347259E-002, 0.0000000E+000, 1.2500000E-003, 0.0000000E+000
 1.1700028E+003, 1.8703005E+001, 0.0000000E+000,-7.4820673E+000,-9.8215794E+000,-1.4508812E+000,-1.7212661E-017, 0.0000000E+000, 0.0000000E+000,-3.9343409E-002,-5.1522862E-002, 0.0000000E+000, 1.2500000E-003, 0.0000000E+000
 1.1800027E+003, 1.8781608E+001, 0.0000000E+000,-7.4902261E+000,-9.8379502E+000,-1.4511650E+000,-1.7222749E-017, 0.0000000E+000, 0.0000000E+000, 1.5270972E-002, 2.2666033E-003, 0.0000000E+000, 1.2500000E-003, 0.0000000E+000
 1.1900022E+003, 1.8761588E+001, 0.0000000E+000,-7.4947736E+000,-9.8037440E+000,-1.4633583E+000,-1.7269360E-017, 0.0000000E+000, 0.0000000E+000, 1.1795243E-002,-2.8825196E-004, 0.0000000E+000, 1.2500000E-003, 0.0000000E+000
 1.2000009E+003, 1.8716333E+001, 0.0000000E+000,-7.4865226E+000,-9.8196244E+000,-1.4442754E+000,-1.7248689E-017, 0.0000000E+000, 0.0000000E+000,-2.2161617E-002,-3.4089671E-002, 0.0000000E+000, 1.2500000E-003, 0.0000000E+000
 1.2100022E+003, 1.8760638E+001, 0.0000000E+000,-7.4858468E+000,-9.8410784E+000,-1.4416850E+000,-1.7274635E-017, 0.0000000E+000, 0.0000000E+000, 4.3286491E-003,-7.9717182E-003, 0.0000000E+000, 1.2500000E-003, 0.0000000E+000
 1.2200002E+003, 1.8771776E+001, 0.0000000E+000,-7.4879493E+000,-9.8629730E+000,-1.4147632E+000,-1.7218149E-017, 0.0000000E+000, 0.0000000E+000, 1.8577530E-002, 6.0903012E-003, 0.0000000E+000, 1.2500000E-003, 0.0000000E+000
 1.2300026E+003, 1.8742076E+001, 0.0000000E+000,-7.4683071E+000,-9.8512121E+000,-1.4227327E+000,-1.7301888E-017, 0.0000000E+000, 0.0000000E+000, 1.2202462E-002,-1.7589460E-004, 0.0000000E+000, 1.2500000E-003, 0.0000000E+000
 1.2400009E+003, 1.8744056E+001, 0.0000000E+000,-7.4732415E+000,-9.9095703E+000,-1.4175202E+000,-1.7244983E-017, 0.0000000E+000, 0.0000000E+000,-4.4166814E-002,-5.6275933E-002, 0.0000000E+000, 1.2500000E-003, 0.0000000E+000
 1.2500004E+003, 1.8718848E+001, 0.0000000E+000,-7.4514530E+000,-9.8503398E+000,-1.4316990E+000,-1.7265835E-017, 0.0000000E+000, 0.0000000E+000,-2.1163797E-003,-1.4644352E-002, 0.0000000E+000, 1.2500000E-003, 0.0000000E+000
 1.2600023E+003, 1.8784404E+001, 0.0000000E+000,-7.4627956E+000,-9.8970509E+000,-1.4076279E+000,-1.7265222E-017, 0.0000000E+000, 0.0000000E+000, 2.8734746E-002, 1.6929825E-002, 0.0000000E+000, 1.2500000E-003, 0.0000000E+000
 1.2700009E+003, 1.8747984E+001, 0.0000000E+000,-7.4502731E+000,-9.9084017E+000,-1.4045923E+000,-1.7154633E-017, 0.0000000E+000, 0.0000000E+000,-2.6862087E-003,-1.5283126E-002, 0.0000000E+000, 1.2500000E-003, 0.0000000E+000
 1.2800009E+003, 1.8741064E+001, 0.0000000E+000,-7.4249668E+000,-9.9208956E+000,-1.4091660E+000,-1.7157005E-017, 0.0000000E+000, 0.0000000E+000,-1.8006033E-003,-1.3963923E-002, 0.0000000E+000, 1.2500000E-003, 0.0000000E+000
 1.2900024E+003, 1.8749478E+001, 0.0000000E+000,-7.4498692E+000,-9.9139653E+000,-1.3999258E+000,-1.7242609E-017, 0.0000000E+000, 0.0000000E+000,-2.5101799E-003,-1.4282441E-002, 0.0000000E+000, 1.2500000E-003, 0.0000000E+000
 1.3000007E+003, 1.8728872E+001, 0.0000000E+000,-7.4941604E+000,-9.8540042E+000,-1.3759979E+000,-1.7150638E-017, 0.0000000E+000, 0.0000000E+000, 1.7430223E-002, 4.7094236E-003, 0.0000000E+000, 1.2500000E-003, 0.0000000E+000
 1.3100021E+003, 1.8776559E+001, 0.0000000E+000,-7.4851044E+000,-9.9199816E+000,-1.3880733E+000,-1.7165685E-017, 0.0000000E+000, 0.0000000E+000,-4.6702772E-003,-1.6600122E-002, 0.0000000E+000, 1.2500000E-003, 0.0000000E+000
 1.3200006E+003, 1.8752866E+001, 0.0000000E+000,-7.4565454E+000,-9.8734889E+000,-1.3837553E+000,-1.7122167E-017, 0.0000000E+000, 0.0000000E+000, 5.1726471E-002, 3.9076595E-002, 0.0000000E+000, 1.2500000E-003, 0.0000000E+000
 1.3300028E+003, 1.8751392E+001, 0.0000000E+000,-7.4599798E+000,-9.9635399E+000,-1.4023048E+000,-1.7170175E-017, 0.0000000E+000, 0.0000000E+000,-6.1253193E-002,-7.4432833E-002, 0.0000000E+000, 1.2500000E-003, 0.0000000E+000
 1.3400022E+003, 1.8733832E+001, 0.0000000E+000,-7.4525378E+000,-9.9203249E+000,-1.3850013E+000,-1.7278092E-017, 0.0000000E+000, 0.0000000E+000,-1.1629269E-002,-2.4032010E-002, 0.0000000E+000, 1.2500000E-003, 0.0000000E+000
 1.3500006E+003, 1.8751170E+001, 0.0000000E+000,-7.4502234E+000,-9.9087538E+000,-1.3732153E+000,-1.7207860E-017, 0.0000000E+000, 0.0000000E+000, 3.1114592E-002, 1.8977091E-002, 0.0000000E+000, 1.2500000E-003, 0.0000000E+000
 1.3600001E+003, 1.8763232E+001, 0.0000000E+000,-7.4633129E+000,-9.9440157E+000,-1.3727709E+000,-1.7221204E-017, 0.0000000E+000, 0.0000000E+000,-4.2833128E-003,-1.6867927E-002, 0.0000000E+000, 1.2500000E-003, 0.0000000E+000
 1.3700015E+003, 1.8735665E+001, 0.0000000E+000,-7.4760603E+000,-9.9274795E+000,-1.3549333E+000,-1.7128045E-017, 0.0000000E+000, 0.0000000E+000,-1.1417518E-002,-2.2808178E-002, 0.0000000E+000, 1.2500000E-003, 0.0000000E+000
 1.3800004E+003, 1.8767775E+001, 0.0000000E+000,-7.4631563E+000,-9.9461693E+000,-1.3469095E+000,-1.7219991E-017, 0.0000000E+000, 0.0000000E+000, 2.4294117E-002, 1.1539601E-002, 0.0000000E+000, 1.2500000E-003, 0.0000000E+000
 1.3900007E+003, 1.8754385E+001, 0.0000000E+000,-7.4500264E+000,-9.9397649E+000,-1.3539126E+000,-1.7159268E-017, 0.0000000E+000, 0.0000000E+000, 2.2124735E-002, 1.0680789E-002, 0.0000000E+000, 1.2500000E-003, 0.0000000E+000
 1.4000002E+003, 1.8700640E+001, 0.0000000E+000,-7.3922531E+000,-1.0002195E+001,-1.3593026E+000,-1.7105713E-017, 0.0000000E+000, 0.0000000E+000,-4.1953104E-002,-5.3111219E-002, 0.0000000E+000, 1.2500000E-003, 0.0000000E+000
 1.4100010E+003, 1.8756179E+001, 0.0000000E+000,-7.4804065E+000,-9.9278242E+000,-1.3306336E+000,-1.7090553E-017, 0.0000000E+000, 0.0000000E+000, 2.9528686E-002, 1.7314303E-002, 0.0000000E+000, 1.2500000E-003, 0.0000000E+000
 1.4200000E+003, 1.8771500E+001, 0.0000000E+000,-7.4799766E+000,-9.9667455E+000,-1.3515819E+000,-1.7259269E-017, 0.0000000E+000, 0.0000000E+000,-1.2721996E-002,-2.6804005E-002, 0.0000000E+000, 1.2500000E-003, 0.0000000E+000
 1.4300002E+003, 1.8748910E+001, 0.0000000E+000,-7.4175918E+000,-9.9938599E+000,-1.3351092E+000,-1.7173973E-017, 0.0000000E+000, 0.0000000E+000, 1.5043856E-002, 2.3494053E-003, 0.0000000E+000, 1.2500000E-003, 0.0000000E+000
 1.4400018E+003, 1.8730655E+001, 0.0000000E+000,-7.4281273E+000,-9.9584147E+000,-1.3598619E+000,-1.7128437E-017, 0.0000000E+000, 0.0000000E+000,-4.4879306E-003,-1.5749210E-002, 0.0000000E+000, 1.2500000E-003, 0.0000000E+000
 1.4500002E+003, 1.8752257E+001, 0.0000000E+000,-7.4263563E+000,-9.9873531E+000,-1.3501656E+000,-1.7133704E-017, 0.0000000E+000, 0.0000000E+000, 1.0262100E-003,-1.1617765E-002, 0.0000000E+000, 1.2500000E-003, 0.0000000E+000
 1.4600007E+003, 1.8769765E+001, 0.0000000E+000,-7.4955501E+000,-9.9626206E+000,-1.3000493E+000,-1.7086520E-017, 0.0000000E+000, 0.0000000E+000, 2.4196782E-002, 1.1545507E-002, 0.0000000E+000, 1.2500000E-003, 0.0000000E+000
 1.4700006E+003, 1.8698503E+001, 0.0000000E+000,-7.4205738E+000,-1.0020677E+001,-1.3097711E+000,-1.7054974E-017, 0.0000000E+000, 0.0000000E+000,-3.9683916E-002,-5.2518995E-002, 0.0000000E+000, 1.2500000E-003, 0.0000000E+000
 1.4800016E+003, 1.8767595E+001, 0.0000000E+000,-7.4570382E+000,-1.0034834E+001,-1.3206328E+000,-1.7183759E-017, 0.0000000E+000, 0.0000000E+000,-3.2535159E-002,-4.4909737E-002, 0.0000000E+000, 1.2500000E-003, 0.0000000E+000
 1.4900022E+003, 1.8739898E+001, 0.0000000E+000,-7.4407003E+000,-1.0010642E+001,-1.3039561E+000,-1.7189866E-017, 0.0000000E+000, 0.0000000E+000,-3.4937760E-003,-1.5401064E-002, 0.0000000E+000, 1.2500000E-003, 0.0000000E+000
 1.5000015E+003, 1.8774449E+001, 0.0000000E+000,-7.4262039E+000,-1.0020928E+001,-1.3153852E+000,-1.7179023E-017, 0.0000000E+000, 0.0000000E+000, 2.3633078E-002, 1.1931711E-002, 0.0000000E+000, 1.2500000E-003, 0.0000000E+000
 1.5100009E+003, 1.8711167E+001, 0.0000000E+000,-7.3886738E+000,-1.0027737E+001,-1.2966733E+000,-1.7164053E-017, 0.0000000E+000, 0.0000000E+000, 9.4383508E-003,-1.9171016E-003, 0.0000000E+000, 1.2500000E-003, 0.0000000E+000
 1.5200006E+003, 1.8777048E+001, 0.0000000E+000,-7.4175980E+000,-1.0092509E+001,-1.3013172E+000,-1.7038240E-017, 0.0000000E+000, 0.0000000E+000,-2.1775306E-002,-3.4376697E-002, 0.0000000E+000, 1.2500000E-003, 0.0000000E+000
 1.5300000E+003, 1.8731553E+001, 0.0000000E+000,-7.4323856E+000,-1.0014960E+001,-1.2500153E+000,-1.6991531E-017, 0.0000000E+000, 0.0000000E+000, 4.7058349E-002, 3.4192517E-002, 0.0000000E+000, 1.2500000E-003, 0.0000000E+000
 1.5400015E+003, 1.8757783E+001, 0.0000000E+000,-7.4528293E+000,-1.0074261E+001,-1.2718794E+000,-1.7154270E-017, 0.0000000E+000, 0.0000000E+000,-2.8277544E-002,-4.1187085E-002, 0.0000000E+000, 1.2500000E-003, 0.0000000E+000
 1.5500017E+003, 1.8741385E+001, 0.0000000E+000,-7.4192721E+000,-1.0026690E+001,-1.2814418E+000,-1.7005058E-017, 0.0000000E+000, 0.0000000E+000, 2.6736160E-002, 1.3981616E-002, 0.0000000E+000, 1.2500000E-003, 0.0000000E+000
 1.5600023E+003, 1.8747813E+001, 0.0000000E+000,-7.4057178E+000,-1.0105158E+001,-1.2847973E+000,-1.7075521E-017, 0.0000000E+000, 0.0000000E+000,-3.5633481E-002,-4.7860094E-002, 0.0000000E+000, 1.2500000E-003, 0.0000000E+000
 1.5700016E+003, 1.8735137E+001, 0.0000000E+000,-7.4432224E+000,-1.0030848E+001,-1.2640534E+000,-1.7095008E-017, 0.0000000E+000, 0.0000000E+000, 1.0835676E-002,-2.9866822E-003, 0.0000000E+000, 1.2500000E-003, 0.0000000E+000
 1.5800017E+003, 1.8759988E+001, 0.0000000E+000,-7.4156865E+000,-1.0078014E+001,-1.2723272E+000,-1.7099634E-017, 0.0000000E+000, 0.0000000E+000, 6.2345167E-003,-6.0392886E-003, 0.0000000E+000, 1.2500000E-003, 0.0000000E+000
 1.5900017E+003, 1.8743042E+001, 0.0000000E+000,-7.4332372E+000,-1.0057132E+001,-1.2540017E+000,-1.7034544E-017, 0.0000000E+000, 0.0000000E+000, 1.0963103E-002,-1.3289528E-003, 0.0000000E+000, 1.2500000E-003, 0.0000000E+000
 1.6000020E+003, 1.8766990E+001, 0.0000000E+000,-7.4543787E+000,-1.0059357E+001,-1.2676786E+000,-1.7129942E-017, 0.0000000E+000, 0.0000000E+000,-2.0131072E-003,-1.4424866E-002, 0.0000000E+000, 1.2500000E-003, 0.0000000E+000
 1.6100028E+003, 1.8760827E+001, 0.0000000E+000,-7.4073072E+000,-1.0122776E+001,-1.2495931E+000,-1.7127091E-017, 0.0000000E+000, 0.0000000E+000,-6.4598458E-003,-1.8849367E-002, 0.0000000E+000, 1.2500000E-003, 0.0000000E+000
 1.6200007E+003, 1.8746369E+001, 0.0000000E+000,-7.3955793E+000,-1.0120767E+001,-1.2498445E+000,-1.7119528E-017, 0.0000000E+000, 0.0000000E+000,-8.4895123E-003,-1.9822485E-002, 0.0000000E+000, 1.2500000E-003, 0.0000000E+000
 1.6300017E+003, 1.8765031E+001, 0.0000000E+000,-7.4046756E+000,-1.0126794E+001,-1.2494498E+000,-1.7064041E-017, 0.0000000E+000, 0.0000000E+000,-4.5123848E-003,-1.5888271E-002, 0.0000000E+000, 1.2500000E-003, 0.0000000E+000
 1.6400016E+003, 1.8731005E+001, 0.0000000E+000,-7.4009409E+000,-1.0091048E+001,-1.2466805E+000,-1.7156285E-017, 0.0000000E+000, 0.0000000E+000, 5.5796095E-003,-7.6643677E-003, 0.0000000E+000, 1.2500000E-003, 0.0000000E+000
 1.6500005E+003, 1.8721911E+001, 0.0000000E+000,-7.4282802E+000,-1.0055078E+001,-1.2299924E+000,-1.7088415E-017, 0.0000000E+000, 0.0000000E+000, 2.1511125E-002, 8.5612092E-003, 0.0000000E+000, 1.2500000E-003, 0.0000000E+000
 1.6600006E+003, 1.8788840E+001, 0.0000000E+000,-7.4191682E+000,-1.0134623E+001,-1.2475655E+000,-1.7122466E-017, 0.0000000E+000, 0.0000000E+000, 8.6749414E-004,-1.2516778E-002, 0.0000000E+000, 1.2500000E-003, 0.0000000E+000
 1.6700002E+003, 1.8743117E+001, 0.0000000E+000,-7.4257554E+000,-1.0086303E+001,-1.2342228E+000,-1.7144796E-017, 0.0000000E+000, 0.0000000E+000, 8.8005985E-003,-3.1647201E-003, 0.0000000E+000, 1.2500000E-003, 0.0000000E+000
 1.6800026E+003, 1.8740003E+001, 0.0000000E+000,-7.4302737E+000,-1.0102127E+001,-1.2009507E+000,-1.7059516E-017, 0.0000000E+000, 0.0000000E+000, 1.9151186E-002, 6.6509922E-003, 0.0000000E+000, 1.2500000E-003, 0.0000000E+000
 1.6900009E+003, 1.8756304E+001, 0.0000000E+000,-7.4103339E+000,-1.0160494E+001,-1.2173770E+000,-1.6973834E-017, 0.0000000E+000, 0.0000000E+000,-1.9326133E-002,-3.1900618E-002, 0.0000000E+000, 1.2500000E-003, 0.0000000E+000
 1.7000005E+003, 1.8734235E+001, 0.0000000E+000,-7.4263417E+000,-1.0085779E+001,-1.2183020E+000,-1.7080400E-017, 0.0000000E+000, 0.0000000E+000, 1.6395935E-002, 3.8120816E-003, 0.0000000E+000, 1.2500000E-003, 0.0000000E+000
 1.7100006E+003, 1.8750573E+001, 0.0000000E+000,-7.3772928E+000,-1.0182870E+001,-1.2101053E+000,-1.7032953E-017, 0.0000000E+000, 0.0000000E+000,-5.6838505E-003,-1.9695417E-002, 0.0000000E+000, 1.2500000E-003, 0.0000000E+000
 1.7200022E+003, 1.8739141E+001, 0.0000000E+000,-7.4133856E+000,-1.0130546E+001,-1.2052794E+000,-1.7070170E-017, 0.0000000E+000, 0.0000000E+000, 8.9004548E-004,-1.0070655E-002, 0.0000000E+000, 1.2500000E-003, 0.0000000E+000
 1.7300016E+003, 1.8743125E+001, 0.0000000E+000,-7.4198099E+000,-1.0127305E+001,-1.2058932E+000,-1.7095379E-017, 0.0000000E+000, 0.0000000E+000, 2.3420350E-003,-9.8829984E-003, 0.0000000E+000, 1.2500000E-003, 0.0000000E+000
 1.7400017E+003, 1.8766121E+001, 0.0000000E+000,-7.3965708E+000,-1.0156395E+001,-1.2122961E+000,-1.7003586E-017, 0.0000000E+000, 0.0000000E+000, 1.3672412E-002, 8.5895272E-004, 0.0000000E+000, 1.2500000E-003, 0.0000000E+000
 1.7500005E+003, 1.8718892E+001, 0.0000000E+000,-7.4060008E+000,-1.0156667E+001,-1.1834512E+000,-1.6919334E-017, 0.0000000E+000, 0.0000000E+000,-1.3251214E-002,-2.7227527E-002, 0.0000000E+000, 1.2500000E-003, 0.0000000E+000
 1.7600012E+003, 1.8793245E+001, 0.0000000E+000,-7.3748461E+000,-1.0248068E+001,-1.1943687E+000,-1.6978133E-017, 0.0000000E+000, 0.0000000E+000,-1.0358981E-002,-2.4037639E-002, 0.0000000E+000, 1.2500000E-003, 0.0000000E+000
 1.7700006E+003, 1.8686873E+001, 0.0000000E+000,-7.3734652E+000,-1.0145803E+001,-1.1690305E+000,-1.6997200E-017, 0.0000000E+000, 0.0000000E+000, 1.0869645E-002,-1.4261746E-003, 0.0000000E+000, 1.2500000E-003, 0.0000000E+000
 1.7800015E+003, 1.8795052E+001, 0.0000000E+000,-7.4307998E+000,-1.0204107E+001,-1.1850024E+000,-1.6987829E-017, 0.0000000E+000, 0.0000000E+000,-1.1234549E-002,-2.4857363E-002, 0.0000000E+000, 1.2500000E-003, 0.0000000E+000
 1.7900017E+003, 1.8724508E+001, 0.0000000E+000,-7.3673713E+000,-1.0171585E+001,-1.1720350E+000,-1.7006907E-017, 0.0000000E+000, 0.0000000E+000, 2.6736454E-002, 1.3516856E-002, 0.0000000E+000, 1.2500000E-003, 0.0000000E+000
 1.8000020E+003, 1.8755260E+001, 0.0000000E+000,-7.4393147E+000,-1.0160761E+001,-1.1759926E+000,-1.6970577E-017, 0.0000000E+000, 0.0000000E+000,-6.6191530E-003,-2.0808518E-002, 0.0000000E+000, 1.2500000E-003, 0.0000000E+000
 1.8100028E+003, 1.8764854E+001, 0.0000000E+000,-7.4403552E+000,-1.0147258E+001,-1.1636540E+000,-1.6943782E-017, 0.0000000E+000, 0.0000000E+000, 2.6248611E-002, 1.3587144E-002, 0.0000000E+000, 1.2500000E-003, 0.0000000E+000
 1.8200026E+003, 1.8739423E+001, 0.0000000E+000,-7.3923080E+000,-1.0224582E+001,-1.1734762E+000,-1.6920786E-017, 0.0000000E+000, 0.0000000E+000,-3.8634965E-002,-5.0942950E-002, 0.0000000E+000, 1.2500000E-003, 0.0000000E+000
 1.8300020E+003, 1.8723045E+001, 0.0000000E+000,-7.3766850E+000,-1.0208903E+001,-1.1708345E+000,-1.7057855E-017, 0.0000000E+000, 0.0000000E+000,-2.0746941E-002,-3.3377587E-002, 0.0000000E+000, 1.2500000E-003, 0.0000000E+000
 1.8400026E+003, 1.8781524E+001, 0.0000000E+000,-7.4074465E+000,-1.0202559E+001,-1.1555467E+000,-1.6971771E-017, 0.0000000E+000, 0.0000000E+000, 2.8556060E-002, 1.5972208E-002, 0.0000000E+000, 1.2500000E-003, 0.0000000E+000
 1.8500028E+003, 1.8743852E+001, 0.0000000E+000,-7.4190783E+000,-1.0169569E+001,-1.1498511E+000,-1.6947504E-017, 0.0000000E+000, 0.0000000E+000, 1.8410754E-002, 5.3533617E-003, 0.0000000E+000, 1.2500000E-003, 0.0000000E+000
 1.8600017E+003, 1.8754743E+001, 0.0000000E+000,-7.4369127E+000,-1.0192661E+001,-1.1485737E+000,-1.6989045E-017, 0.0000000E+000, 0.0000000E+000,-8.8903884E-003,-2.3404714E-002, 0.0000000E+000, 1.2500000E-003, 0.0000000E+000
 1.8700026E+003, 1.8731395E+001, 0.0000000E+000,-7.3993992E+000,-1.0240396E+001,-1.1339126E+000,-1.6962577E-017, 0.0000000E+000, 0.0000000E+000,-2.8655775E-002,-4.2312870E-002, 0.0000000E+000, 1.2500000E-003, 0.0000000E+000
 1.8800004E+003, 1.8764669E+001, 0.0000000E+000,-7.4294558E+000,-1.0165134E+001,-1.1433391E+000,-1.6978251E-017, 0.0000000E+000, 0.0000000E+000, 3.9830057E-002, 2.6740832E-002, 0.0000000E+000, 1.2500000E-003, 0.0000000E+000
 1.8900015E+003, 1.8714962E+001, 0.0000000E+000,-7.3541681E+000,-1.0237937E+001,-1.1539228E+000,-1.6913811E-017, 0.0000000E+000, 0.0000000E+000,-1.7803984E-002,-3.1066388E-002, 0.0000000E+000, 1.2500000E-003, 0.0000000E+000
 1.9000027E+003, 1.8764006E+001, 0.0000000E+000,-7.3778523E+000,-1.0276611E+001,-1.1552581E+000,-1.6998902E-017, 0.0000000E+000, 0.0000000E+000,-3.1945902E-002,-4.5715014E-002, 0.0000000E+000, 1.2500000E-003, 0.0000000E+000
 1.9100011E+003, 1.8744086E+001, 0.0000000E+000,-7.3695498E+000,-1.0277512E+001,-1.1353291E+000,-1.6977883E-017, 0.0000000E+000, 0.0000000E+000,-2.6591426E-002,-3.8304887E-002, 0.0000000E+000, 1.2500000E-003, 0.0000000E+000
 1.9200004E+003, 1.8754086E+001, 0.0000000E+000,-7.3829613E+000,-1.0230146E+001,-1.1215856E+000,-1.6968322E-017, 0.0000000E+000, 0.0000000E+000, 3.1532824E-002, 1.9393312E-002, 0.0000000E+000, 1.2500000E-003, 0.0000000E+000
 1.9300026E+003, 1.8738446E+001, 0.0000000E+000,-7.3660009E+000,-1.0257110E+001,-1.1085838E+000,-1.6961960E-017, 0.0000000E+000, 0.0000000E+000, 1.9294826E-002, 6.7509444E-003, 0.0000000E+000, 1.2500000E-003, 0.0000000E+000
 1.9400012E+003, 1.8770014E+001, 0.0000000E+000,-7.4226291E+000,-1.0259671E+001,-1.1067166E+000,-1.6957939E-017, 0.0000000E+000, 0.0000000E+000,-7.9494216E-003,-1.9002560E-002, 0.0000000E+000, 1.2500000E-003, 0.0000000E+000
 1.9500001E+003, 1.8716116E+001, 0.0000000E+000,-7.3791754E+000,-1.0223637E+001,-1.1215048E+000,-1.7084826E-017, 0.0000000E+000, 0.0000000E+000, 4.6550802E-003,-8.2005058E-003, 0.0000000E+000, 1.2500000E-003, 0.0000000E+000
 1.9600013E+003, 1.8773522E+001, 0.0000000E+000,-7.4076244E+000,-1.0251911E+001,-1.1198742E+000,-1.7023060E-017, 0.0000000E+000, 0.0000000E+000, 6.1587396E-003,-5.8878354E-003, 0.0000000E+000, 1.2500000E-003, 0.0000000E+000
 1.9700010E+003, 1.8733846E+001, 0.0000000E+000,-7.3769621E+000,-1.0275470E+001,-1.1299737E+000,-1.7032770E-017, 0.0000000E+000, 0.0000000E+000,-3.6093100E-002,-4.8559701E-002, 0.0000000E+000, 1.2500000E-003, 0.0000000E+000
 1.9800002E+003, 1.8737160E+001, 0.0000000E+000,-7.4044091E+000,-1.0224425E+001,-1.0858899E+000,-1.6895704E-017, 0.0000000E+000, 0.0000000E+000, 3.4743408E-002, 2.2436075E-002, 0.0000000E+000, 1.2500000E-003, 0.0000000E+000
 1.9900015E+003, 1.8778775E+001, 0.0000000E+000,-7.3911296E+000,-1.0272158E+001,-1.1124226E+000,-1.6981146E-017, 0.0000000E+000, 0.0000000E+000, 1.5705814E-002, 3.0644607E-003, 0.0000000E+000, 1.2500000E-003, 0.0000000E+000
 2.0000009E+003, 1.8732345E+001, 0.0000000E+000,-7.3636426E+000,-1.0284536E+001,-1.1040801E+000,-1.6991032E-017, 0.0000000E+000, 0.0000000E+000,-8.0925691E-003,-1.9914369E-002, 0.0000000E+000, 1.2500000E-003, 0.0000000E+000
 2.0100023E+003, 1.8764609E+001, 0.0000000E+000,-7.3485473E+000,-1.0339236E+001,-1.0819074E+000,-1.6961877E-017, 0.0000000E+000, 0.0000000E+000, 7.9812803E-003,-5.0816339E-003, 0.0000000E+000, 1.2500000E-003, 0.0000000E+000
 2.0200007E+003, 1.8762903E+001, 0.0000000E+000,-7.3586548E+000,-1.0364965E+001,-1.0890243E+000,-1.6937407E-017, 0.0000000E+000, 0.0000000E+000,-3.6432281E-002,-4.9741107E-002, 0.0000000E+000, 1.2500000E-003, 0.0000000E+000
 2.0300013E+003, 1.8731784E+001, 0.0000000E+000,-7.3508268E+000,-1.0295563E+001,-1.0800483E+000,-1.6945066E-017, 0.0000000E+000, 0.0000000E+000, 1.7366331E-002, 5.3459129E-003, 0.0000000E+000, 1.2500000E-003, 0.0000000E+000
 2.0400022E+003, 1.8717267E+001, 0.0000000E+000,-7.3499853E+000,-1.0294629E+001,-1.0818696E+000,-1.6945140E-017, 0.0000000E+000, 0.0000000E+000, 3.2725789E-003,-9.2173889E-003, 0.0000000E+000, 1.2500000E-003, 0.0000000E+000
 2.0500020E+003, 1.8786794E+001, 0.0000000E+000,-7.3523080E+000,-1.0319603E+001,-1.0891915E+000,-1.6862858E-017, 0.0000000E+000, 0.0000000E+000, 3.8324484E-002, 2.5691447E-002, 0.0000000E+000, 1.2500000E-003, 0.0000000E+000
 2.0600007E+003, 1.8735319E+001, 0.0000000E+000,-7.4304771E+000,-1.0286214E+001,-1.0673877E+000,-1.6965242E-017, 0.0000000E+000, 0.0000000E+000,-3.6634392E-002,-4.8759608E-002, 0.0000000E+000, 1.2500000E-003, 0.0000000E+000
 2.0700002E+003, 1.8760524E+001, 0.0000000E+000,-7.3762700E+000,-1.0314860E+001,-1.0727835E+000,-1.6981432E-017, 0.0000000E+000, 0.0000000E+000, 9.1147745E-003,-3.3888430E-003, 0.0000000E+000, 1.2500000E-003, 0.0000000E+000
 2.0800002E+003, 1.8729862E+001, 0.0000000E+000,-7.3239250E+000,-1.0356683E+001,-1.0766194E+000,-1.6948335E-017, 0.0000000E+000, 0.0000000E+000,-1.4829969E-002,-2.7365557E-002, 0.0000000E+000, 1.2500000E-003, 0.0000000E+000
 2.0900022E+003, 1.8793413E+001, 0.0000000E+000,-7.3375312E+000,-1.0350014E+001,-1.0797599E+000,-1.6953860E-017, 0.0000000E+000, 0.0000000E+000, 3.8616712E-002, 2.6108371E-002, 0.0000000E+000, 1.2500000E-003, 0.0000000E+000
 2.1000002E+003, 1.8733985E+001, 0.0000000E+000,-7.3632473E+000,-1.0321060E+001,-1.0616253E+000,-1.6868410E-017, 0.0000000E+000, 0.0000000E+000, 7.0182087E-004,-1.1947756E-002, 0.0000000E+000, 1.2500000E-003, 0.0000000E+000
 2.1100017E+003, 1.8750484E+001, 0.0000000E+000,-7.3547573E+000,-1.0371690E+001,-1.0683537E+000,-1.6913128E-017, 0.0000000E+000, 0.0000000E+000,-3.1896006E-002,-4.4317055E-002, 0.0000000E+000, 1.2500000E-003, 0.0000000E+000
 2.1200000E+003, 1.8768536E+001, 0.0000000E+000,-7.3435480E+000,-1.0340604E+001,-1.0536568E+000,-1.6958324E-017, 0.0000000E+000, 0.0000000E+000, 4.3382120E-002, 3.0727646E-002, 0.0000000E+000, 1.2500000E-003, 0.0000000E+000
 2.1300010E+003, 1.8700210E+001, 0.0000000E+000,-7.3555481E+000,-1.0325301E+001,-1.0542998E+000,-1.6928368E-017, 0.0000000E+000, 0.0000000E+000,-2.1731769E-002,-3.4938258E-002, 0.0000000E+000, 1.2500000E-003, 0.0000000E+000
 2.1400024E+003, 1.8749891E+001, 0.0000000E+000,-7.3474127E+000,-1.0360792E+001,-1.0680190E+000,-1.7007847E-017, 0.0000000E+000, 0.0000000E+000,-1.4174550E-002,-2.6333552E-002, 0.0000000E+000, 1.2500000E-003, 0.0000000E+000
 2.1500007E+003, 1.8773114E+001, 0.0000000E+000,-7.4175329E+000,-1.0301276E+001,-1.0556335E+000,-1.6874043E-017, 0.0000000E+000, 0.0000000E+000, 1.2874899E-002,-1.3284299E-003, 0.0000000E+000, 1.2500000E-003, 0.0000000E+000
 2.1600017E+003, 1.8723773E+001, 0.0000000E+000,-7.2992202E+000,-1.0428576E+001,-1.0471357E+000,-1.6900902E-017, 0.0000000E+000, 0.0000000E+000,-3.8566784E-002,-5.1158154E-002, 0.0000000E+000, 1.2500000E-003, 0.0000000E+000
 2.1700024E+003, 1.8729694E+001, 0.0000000E+000,-7.3279886E+000,-1.0345643E+001,-1.0268244E+000,-1.6956015E-017, 0.0000000E+000, 0.0000000E+000, 4.1963172E-002, 2.9237272E-002, 0.0000000E+000, 1.2500000E-003, 0.0000000E+000
 2.1800007E+003, 1.8783996E+001, 0.0000000E+000,-7.3864568E+000,-1.0349172E+001,-1.0267834E+000,-1.6945742E-017, 0.0000000E+000, 0.0000000E+000, 3.4491295E-002, 2.1584270E-002, 0.0000000E+000, 1.2500000E-003, 0.0000000E+000
 2.1900015E+003, 1.8726924E+001, 0.0000000E+000,-7.3658778E+000,-1.0395783E+001,-1.0303005E+000,-1.6839978E-017, 0.0000000E+000, 0.0000000E+000,-5.1416158E-002,-6.5036839E-002, 0.0000000E+000, 1.2500000E-003, 0.0000000E+000
 2.2000024E+003, 1.8737225E+001, 0.0000000E+000,-7.3286227E+000,-1.0390925E+001,-1.0392239E+000,-1.7015756E-017, 0.0000000E+000, 0.0000000E+000,-8.9104020E-003,-2.1546276E-002, 0.0000000E+000, 1.2500000E-003, 0.0000000E+000
 2.2100020E+003, 1.8755835E+001, 0.0000000E+000,-7.3401610E+000,-1.0419652E+001,-1.0211932E+000,-1.6942283E-017, 0.0000000E+000, 0.0000000E+000,-1.2143799E-002,-2.5170755E-002, 0.0000000E+000, 1.2500000E-003, 0.0000000E+000
 2.2200017E+003, 1.8773697E+001, 0.0000000E+000,-7.3487340E+000,-1.0375159E+001,-1.0079147E+000,-1.6928452E-017, 0.0000000E+000, 0.0000000E+000, 5.5022494E-002, 4.1889661E-002, 0.0000000E+000, 1.2500000E-003, 0.0000000E+000
 2.2300027E+003, 1.8753442E+001, 0.0000000E+000,-7.3510632E+000,-1.0413749E+001,-1.0353650E+000,-1.6846623E-017, 0.0000000E+000, 0.0000000E+000,-3.2606070E-002,-4.6735370E-002, 0.0000000E+000, 1.2500000E-003, 0.0000000E+000
 2.2400020E+003, 1.8722082E+001, 0.0000000E+000,-7.3140094E+000,-1.0390368E+001,-9.8856170E-001,-1.6821367E-017, 0.0000000E+000, 0.0000000E+000, 4.3687959E-002, 2.9143262E-002, 0.0000000E+000, 1.2500000E-003, 0.0000000E+000
 2.2500027E+003, 1.8740449E+001, 0.0000000E+000,-7.3367070E+000,-1.0418645E+001,-9.9827821E-001,-1.6779663E-017, 0.0000000E+000, 0.0000000E+000, 7.1667766E-004,-1.3181677E-002, 0.0000000E+000, 1.2500000E-003, 0.0000000E+000
 2.2600015E+003, 1.8753648E+001, 0.0000000E+000,-7.3096376E+000,-1.0451343E+001,-1.0333548E+000,-1.7002619E-017, 0.0000000E+000, 0.0000000E+000,-2.8256394E-002,-4.0687617E-002, 0.0000000E+000, 1.2500000E-003, 0.0000000E+000
 2.2700005E+003, 1.8756660E+001, 0.0000000E+000,-7.3363377E+000,-1.0451690E+001,-9.9545264E-001,-1.6942105E-017, 0.0000000E+000, 0.0000000E+000,-1.4084379E-002,-2.6820200E-002, 0.0000000E+000, 1.2500000E-003, 0.0000000E+000
 2.2800007E+003, 1.8740514E+001, 0.0000000E+000,-7.3402165E+000,-1.0401846E+001,-1.0135163E+000,-1.6894818E-017, 0.0000000E+000, 0.0000000E+000,-2.3650912E-003,-1.5064669E-002, 0.0000000E+000, 1.2500000E-003, 0.0000000E+000
 2.2900005E+003, 1.8781069E+001, 0.0000000E+000,-7.3497645E+000,-1.0410796E+001,-9.9975629E-001,-1.6946102E-017, 0.0000000E+000, 0.0000000E+000, 3.4310082E-002, 2.0752002E-002, 0.0000000E+000, 1.2500000E-003, 0.0000000E+000
 2.3000017E+003, 1.8717097E+001, 0.0000000E+000,-7.3797898E+000,-1.0382088E+001,-9.9056045E-001,-1.6933353E-017, 0.0000000E+000, 0.0000000E+000,-2.2028397E-002,-3.5340626E-002, 0.0000000E+000, 1.2500000E-003, 0.0000000E+000
 2.3100007E+003, 1.8760305E+001, 0.0000000E+000,-7.3294505E+000,-1.0423313E+001,-9.9113160E-001,-1.6883509E-017, 0.0000000E+000, 0.0000000E+000, 2.9311406E-002, 1.6409323E-002, 0.0000000E+000, 1.2500000E-003, 0.0000000E+000
 2.3200027E+003, 1.8756168E+001, 0.0000000E+000,-7.3498881E+000,-1.0425238E+001,-9.8845641E-001,-1.6921396E-017, 0.0000000E+000, 0.0000000E+000, 5.8623444E-003,-7.4146439E-003, 0.0000000E+000, 1.2500000E-003, 0.0000000E+000
 2.3300000E+003, 1.8725636E+001, 0.0000000E+000,-7.2966211E+000,-1.0448333E+001,-9.9807813E-001,-1.6908649E-017, 0.0000000E+000, 0.0000000E+000,-2.2357843E-003,-1.7396318E-002, 0.0000000E+000, 1.2500000E-003, 0.0000000E+000
 2.3400027E+003, 1.8771091E+001, 0.0000000E+000,-7.3299514E+000,-1.0469288E+001,-1.0024917E+000,-1.6889383E-017, 0.0000000E+000, 0.0000000E+000,-1.8192084E-002,-3.0639841E-002, 0.0000000E+000, 1.2500000E-003, 0.0000000E+000
 2.3500010E+003, 1.8759405E+001, 0.0000000E+000,-7.3453315E+000,-1.0456145E+001,-9.8114051E-001,-1.6978558E-017, 0.0000000E+000, 0.0000000E+000,-1.0362317E-002,-2.3212114E-002, 0.0000000E+000, 1.2500000E-003, 0.0000000E+000
 2.3600002E+003, 1.8726946E+001, 0.0000000E+000,-7.3116073E+000,-1.0470813E+001,-9.4998816E-001,-1.6880131E-017, 0.0000000E+000, 0.0000000E+000, 7.8299177E-003,-5.4629555E-003, 0.0000000E+000, 1.2500000E-003, 0.0000000E+000
 2.3700005E+003, 1.8757457E+001, 0.0000000E+000,-7.3103403E+000,-1.0462929E+001,-9.8934824E-001,-1.6886608E-017, 0.0000000E+000, 0.0000000E+000, 7.8494341E-003,-5.1601267E-003, 0.0000000E+000, 1.2500000E-003, 0.0000000E+000
 2.3800024E+003, 1.8727024E+001, 0.0000000E+000,-7.3285964E+000,-1.0434038E+001,-9.5639856E-001,-1.6818011E-017, 0.0000000E+000, 0.0000000E+000, 2.0214810E-002, 7.9914449E-003, 0.0000000E+000, 1.2500000E-003, 0.0000000E+000
 2.3900007E+003, 1.8782201E+001, 0.0000000E+000,-7.3198448E+000,-1.0511469E+001,-9.8494288E-001,-1.6865828E-017, 0.0000000E+000, 0.0000000E+000,-2.0908305E-002,-3.4055242E-002, 0.0000000E+000, 1.2500000E-003, 0.0000000E+000
 2.4000010E+003, 1.8712259E+001, 0.0000000E+000,-7.2778374E+000,-1.0511754E+001,-9.6916201E-001,-1.6944768E-017, 0.0000000E+000, 0.0000000E+000,-3.4151405E-002,-4.6493731E-002, 0.0000000E+000, 1.2500000E-003, 0.0000000E+000
 2.4100000E+003, 1.8754054E+001, 0.0000000E+000,-7.2864670E+000,-1.0493760E+001,-9.7925415E-001,-1.6893522E-017, 0.0000000E+000, 0.0000000E+000, 8.9319600E-003,-5.4272863E-003, 0.0000000E+000, 1.2500000E-003, 0.0000000E+000
 2.4200020E+003, 1.8753258E+001, 0.0000000E+000,-7.2772311E+000,-1.0538787E+001,-9.6510989E-001,-1.6914351E-017, 0.0000000E+000, 0.0000000E+000,-1.4838747E-002,-2.7869123E-002, 0.0000000E+000, 1.2500000E-003, 0.0000000E+000
 2.4300022E+003, 1.8744077E+001, 0.0000000E+000,-7.2860565E+000,-1.0497092E+001,-9.4918872E-001,-1.6887876E-017, 0.0000000E+000, 0.0000000E+000, 2.4469838E-002, 1.1739568E-002, 0.0000000E+000, 1.2500000E-003, 0.0000000E+000
 2.4400022E+003, 1.8780247E+001, 0.0000000E+000,-7.3090902E+000,-1.0523382E+001,-9.5694241E-001,-1.6922987E-017, 0.0000000E+000, 0.0000000E+000, 4.3822722E-003,-9.1680446E-003, 0.0000000E+000, 1.2500000E-003, 0.0000000E+000
 2.4500012E+003, 1.8710476E+001, 0.0000000E+000,-7.2595497E+000,-1.0530925E+001,-9.5608830E-001,-1.6846110E-017, 0.0000000E+000, 0.0000000E+000,-2.4180019E-002,-3.6086865E-002, 0.0000000E+000, 1.2500000E-003, 0.0000000E+000
 2.4600022E+003, 1.8721645E+001, 0.0000000E+000,-7.2788735E+000,-1.0499976E+001,-9.5679683E-001,-1.6857944E-017, 0.0000000E+000, 0.0000000E+000,-1.9676928E-004,-1.4001243E-002, 0.0000000E+000, 1.2500000E-003, 0.0000000E+000
 2.4700010E+003, 1.8801163E+001, 0.0000000E+000,-7.3217906E+000,-1.0513512E+001,-9.3811769E-001,-1.6794063E-017, 0.0000000E+000, 0.0000000E+000, 4.1239378E-002, 2.7742236E-002, 0.0000000E+000, 1.2500000E-003, 0.0000000E+000
 2.4800027E+003, 1.8769104E+001, 0.0000000E+000,-7.3152501E+000,-1.0523590E+001,-9.5047381E-001,-1.6962020E-017, 0.0000000E+000, 0.0000000E+000,-6.2440538E-003,-2.0209202E-002, 0.0000000E+000, 1.2500000E-003, 0.0000000E+000
 2.4900007E+003, 1.8741457E+001, 0.0000000E+000,-7.3021501E+000,-1.0513306E+001,-9.1192204E-001,-1.6855333E-017, 0.0000000E+000, 0.0000000E+000, 2.6572095E-002, 1.4078615E-002, 0.0000000E+000, 1.2500000E-003, 0.0000000E+000
 2.5000012E+003, 1.8709094E+001, 0.0000000E+000,-7.3092151E+000,-1.0518043E+001,-9.1622535E-001,-1.6850578E-017, 0.0000000E+000, 0.0000000E+000,-1.9076006E-002,-3.4389748E-002, 0.0000000E+000, 1.2500000E-003, 0.0000000E+000
 2.5100027E+003, 1.8753848E+001, 0.0000000E+000,-7.2923189E+000,-1.0548127E+001,-9.5290789E-001,-1.6846282E-017, 0.0000000E+000, 0.0000000E+000,-2.7017205E-002,-3.9506538E-002, 0.0000000E+000, 1.2500000E-003, 0.0000000E+000
 2.5200017E+003, 1.8774917E+001, 0.0000000E+000,-7.2814045E+000,-1.0562183E+001,-9.1554458E-001,-1.6784677E-017, 0.0000000E+000, 0.0000000E+000, 2.8775529E-002, 1.5784767E-002, 0.0000000E+000, 1.2500000E-003, 0.0000000E+000
 2.5300015E+003, 1.8769069E+001, 0.0000000E+000,-7.3008903E+000,-1.0517184E+001,-9.1388352E-001,-1.6839701E-017, 0.0000000E+000, 0.0000000E+000, 4.9843118E-002, 3.7110980E-002, 0.0000000E+000, 1.2500000E-003, 0.0000000E+000
 2.5400022E+003, 1.8692310E+001, 0.0000000E+000,-7.3023865E+000,-1.0560145E+001,-9.3653626E-001,-1.6790633E-017, 0.0000000E+000, 0.0000000E+000,-9.2504315E-002,-1.0675810E-001, 0.0000000E+000, 1.2500000E-003, 0.0000000E+000
 2.5500022E+003, 1.8771900E+001, 0.0000000E+000,-7.2964784E+000,-1.0537621E+001,-9.2359992E-001,-1.6884991E-017, 0.0000000E+000, 0.0000000E+000, 2.7785181E-002, 1.4200507E-002, 0.0000000E+000, 1.2500000E-003, 0.0000000E+000
 2.5600012E+003, 1.8730682E+001, 0.0000000E+000,-7.2969680E+000,-1.0563444E+001,-8.8880164E-001,-1.6752020E-017, 0.0000000E+000, 0.0000000E+000,-5.0545527E-003,-1.8531954E-002, 0.0000000E+000, 1.2500000E-003, 0.0000000E+000
 2.5700027E+003, 1.8799504E+001, 0.0000000E+000,-7.3249366E+000,-1.0554148E+001,-9.1894659E-001,-1.6833677E-017, 0.0000000E+000, 0.0000000E+000, 1.4166877E-002, 1.4726006E-003, 0.0000000E+000, 1.2500000E-003, 0.0000000E+000
 2.5800017E+003, 1.8708551E+001, 0.0000000E+000,-7.3164898E+000,-1.0478599E+001,-8.9275798E-001,-1.6885288E-017, 0.0000000E+000, 0.0000000E+000, 3.5246300E-002, 2.0704275E-002, 0.0000000E+000, 1.2500000E-003, 0.0000000E+000
 2.5900015E+003, 1.8746753E+001, 0.0000000E+000,-7.3615773E+000,-1.0572965E+001,-8.8512183E-001,-1.6797168E-017, 0.0000000E+000, 0.0000000E+000,-5.9053423E-002,-7.2910467E-002, 0.0000000E+000, 1.2500000E-003, 0.0000000E+000
 2.6000020E+003, 1.8762181E+001, 0.0000000E+000,-7.2691856E+000,-1.0582796E+001,-9.1454117E-001,-1.6949152E-017, 0.0000000E+000, 0.0000000E+000, 8.4183265E-003,-4.3424996E-003, 0.0000000E+000, 1.2500000E-003, 0.0000000E+000
 2.6100020E+003, 1.8745906E+001, 0.0000000E+000,-7.2590154E+000,-1.0580039E+001,-9.0869964E-001,-1.6844879E-017, 0.0000000E+000, 0.0000000E+000, 1.2642153E-002,-1.8477264E-003, 0.0000000E+000, 1.2500000E-003, 0.0000000E+000
 2.6200015E+003, 1.8742834E+001, 0.0000000E+000,-7.3113769E+000,-1.0563976E+001,-8.8607675E-001,-1.6834072E-017, 0.0000000E+000, 0.0000000E+000,-6.5097138E-003,-1.8595888E-002, 0.0000000E+000, 1.2500000E-003, 0.0000000E+000
 2.6300020E+003, 1.8747100E+001, 0.0000000E+000,-7.2831574E+000,-1.0560814E+001,-8.8998636E-001,-1.6854222E-017, 0.0000000E+000, 0.0000000E+000, 2.7084058E-002, 1.3142683E-002, 0.0000000E+000, 1.2500000E-003, 0.0000000E+000
 2.6400012E+003, 1.8767802E+001, 0.0000000E+000,-7.2877630E+000,-1.0610689E+001,-8.9997135E-001,-1.6813385E-017, 0.0000000E+000, 0.0000000E+000,-1.7043318E-002,-3.0621334E-002, 0.0000000E+000, 1.2500000E-003, 0.0000000E+000
 2.6500020E+003, 1.8736406E+001, 0.0000000E+000,-7.3037695E+000,-1.0552159E+001,-8.7793143E-001,-1.6784842E-017, 0.0000000E+000, 0.0000000E+000, 1.6095756E-002, 2.5465848E-003, 0.0000000E+000, 1.2500000E-003, 0.0000000E+000
 2.6600020E+003, 1.8725326E+001, 0.0000000E+000,-7.2535141E+000,-1.0620177E+001,-8.9101965E-001,-1.6819310E-017, 0.0000000E+000, 0.0000000E+000,-2.6855145E-002,-3.9385400E-002, 0.0000000E+000, 1.2500000E-003, 0.0000000E+000
 2.6700024E+003, 1.8760468E+001, 0.0000000E+000,-7.2640572E+000,-1.0619605E+001,-8.7126964E-001,-1.6892759E-017, 0.0000000E+000, 0.0000000E+000, 1.8927235E-002, 5.5366092E-003, 0.0000000E+000, 1.2500000E-003, 0.0000000E+000
 2.6800000E+003, 1.8777737E+001, 0.0000000E+000,-7.2807407E+000,-1.0620876E+001,-8.9196089E-001,-1.6883871E-017, 0.0000000E+000, 0.0000000E+000,-2.6747882E-003,-1.5840256E-002, 0.0000000E+000, 1.2500000E-003, 0.0000000E+000
 2.6900024E+003, 1.8763097E+001, 0.0000000E+000,-7.2351370E+000,-1.0638514E+001,-8.7767210E-001,-1.6867923E-017, 0.0000000E+000, 0.0000000E+000, 2.4951018E-002, 1.1774436E-002, 0.0000000E+000, 1.2500000E-003, 0.0000000E+000
 2.7000017E+003, 1.8715678E+001, 0.0000000E+000,-7.2597933E+000,-1.0603276E+001,-8.6269725E-001,-1.6743489E-017, 0.0000000E+000, 0.0000000E+000, 4.5242279E-003,-1.0088463E-002, 0.0000000E+000, 1.2500000E-003, 0.0000000E+000
 2.7100020E+003, 1.8741390E+001, 0.0000000E+000,-7.3230922E+000,-1.0587739E+001,-8.5846436E-001,-1.6757675E-017, 0.0000000E+000, 0.0000000E+000,-1.4276773E-002,-2.7905942E-002, 0.0000000E+000, 1.2500000E-003, 0.0000000E+000
 2.7200000E+003, 1.8740905E+001, 0.0000000E+000,-7.2555551E+000,-1.0649612E+001,-8.7859647E-001,-1.6763937E-017, 0.0000000E+000, 0.0000000E+000,-2.9929949E-002,-4.2858851E-002, 0.0000000E+000, 1.2500000E-003, 0.0000000E+000
 2.7300017E+003, 1.8779101E+001, 0.0000000E+000,-7.2854537E+000,-1.0637417E+001,-8.6852826E-001,-1.6874910E-017, 0.0000000E+000, 0.0000000E+000, 9.5317384E-004,-1.2297661E-002, 0.0000000E+000, 1.2500000E-003, 0.0000000E+000
 2.7400020E+003, 1.8724400E+001, 0.0000000E+000,-7.2370109E+000,-1.0603002E+001,-8.5784936E-001,-1.6805477E-017, 0.0000000E+000, 0.0000000E+000, 3.8709483E-002, 2.6537642E-002, 0.0000000E+000, 1.2500000E-003, 0.0000000E+000
 2.7500007E+003, 1.8758079E+001, 0.0000000E+000,-7.2960975E+000,-1.0614975E+001,-8.5054811E-001,-1.6781762E-017, 0.0000000E+000, 0.0000000E+000, 1.0108901E-002,-3.5420553E-003, 0.0000000E+000, 1.2500000E-003, 0.0000000E+000
 2.7600012E+003, 1.8729814E+001, 0.0000000E+000,-7.2879848E+000,-1.0611328E+001,-8.3994489E-001,-1.6823594E-017, 0.0000000E+000, 0.0000000E+000, 5.1785075E-003,-9.4439877E-003, 0.0000000E+000, 1.2500000E-003, 0.0000000E+000
 2.7700005E+003, 1.8773209E+001, 0.0000000E+000,-7.3058236E+000,-1.0668218E+001,-8.5070439E-001,-1.6877254E-017, 0.0000000E+000, 0.0000000E+000,-3.7692019E-002,-5.1537180E-002, 0.0000000E+000, 1.2500000E-003, 0.0000000E+000
 2.7800017E+003, 1.8722879E+001, 0.0000000E+000,-7.2445632E+000,-1.0661177E+001,-8.6401834E-001,-1.6865575E-017, 0.0000000E+000, 0.0000000E+000,-3.3244437E-002,-4.6879980E-002, 0.0000000E+000, 1.2500000E-003, 0.0000000E+000
 2.7900022E+003, 1.8780209E+001, 0.0000000E+000,-7.2849582E+000,-1.0659773E+001,-8.3879876E-001,-1.6838352E-017, 0.0000000E+000, 0.0000000E+000, 9.7751774E-003,-3.3207462E-003, 0.0000000E+000, 1.2500000E-003, 0.0000000E+000
 2.8000012E+003, 1.8739431E+001, 0.0000000E+000,-7.2851824E+000,-1.0590594E+001,-8.6194253E-001,-1.6932395E-017, 0.0000000E+000, 0.0000000E+000, 1.5073867E-002, 1.7126331E-003, 0.0000000E+000, 1.2500000E-003, 0.0000000E+000
 2.8100010E+003, 1.8756323E+001, 0.0000000E+000,-7.2688295E+000,-1.0632789E+001,-8.5393685E-001,-1.6897955E-017, 0.0000000E+000, 0.0000000E+000, 1.4808715E-002, 7.6776497E-004, 0.0000000E+000, 1.2500000E-003, 0.0000000E+000
 2.8200022E+003, 1.8765114E+001, 0.0000000E+000,-7.1985505E+000,-1.0755786E+001,-8.4202016E-001,-1.6829536E-017, 0.0000000E+000, 0.0000000E+000,-1.8710646E-002,-3.1242816E-002, 0.0000000E+000, 1.2500000E-003, 0.0000000E+000
 2.8300007E+003, 1.8740280E+001, 0.0000000E+000,-7.2365115E+000,-1.0653285E+001,-8.3694571E-001,-1.6899548E-017, 0.0000000E+000, 0.0000000E+000, 2.7005171E-002, 1.3538581E-002, 0.0000000E+000, 1.2500000E-003, 0.0000000E+000
 2.8400022E+003, 1.8707144E+001, 0.0000000E+000,-7.2283918E+000,-1.0697321E+001,-8.4272739E-001,-1.6865339E-017, 0.0000000E+000, 0.0000000E+000,-4.8303460E-002,-6.1296717E-002, 0.0000000E+000, 1.2500000E-003, 0.0000000E+000
 2.8500000E+003, 1.8783760E+001, 0.0000000E+000,-7.2503402E+000,-1.0692508E+001,-8.2330413E-001,-1.6831729E-017, 0.0000000E+000, 0.0000000E+000, 3.0745559E-002, 1.7607754E-002, 0.0000000E+000, 1.2500000E-003, 0.0000000E+000
 2.8600007E+003, 1.8755263E+001, 0.0000000E+000,-7.2747221E+000,-1.0658636E+001,-8.1773260E-001,-1.6809791E-017, 0.0000000E+000, 0.0000000E+000, 1.7548914E-002, 4.1728552E-003, 0.0000000E+000, 1.2500000E-003, 0.0000000E+000
 2.8700020E+003, 1.8745021E+001, 0.0000000E+000,-7.2626835E+000,-1.0658830E+001,-8.3433305E-001,-1.6842856E-017, 0.0000000E+000, 0.0000000E+000, 2.4993376E-003,-1.0826274E-002, 0.0000000E+000, 1.2500000E-003, 0.0000000E+000
 2.8800002E+003, 1.8758820E+001, 0.0000000E+000,-7.2640557E+000,-1.0678603E+001,-8.2514718E-001,-1.6843829E-017, 0.0000000E+000, 0.0000000E+000, 4.4287952E-003,-8.9865353E-003, 0.0000000E+000, 1.2500000E-003, 0.0000000E+000
 2.8900005E+003, 1.8755284E+001, 0.0000000E+000,-7.2139007E+000,-1.0741848E+001,-8.0906876E-001,-1.6748056E-017, 0.0000000E+000, 0.0000000E+000, 3.6955744E-003,-9.5339868E-003, 0.0000000E+000, 1.2500000E-003, 0.0000000E+000
 2.9000027E+003, 1.8746564E+001, 0.0000000E+000,-7.3064434E+000,-1.0624260E+001,-7.9838811E-001,-1.6765175E-017, 0.0000000E+000, 0.0000000E+000, 3.0311825E-002, 1.7472515E-002, 0.0000000E+000, 1.2500000E-003, 0.0000000E+000
 2.9100007E+003, 1.8739507E+001, 0.0000000E+000,-7.2706381E+000,-1.0719014E+001,-8.2528389E-001,-1.6807747E-017, 0.0000000E+000, 0.0000000E+000,-6.2899290E-002,-7.5429081E-002, 0.0000000E+000, 1.2500000E-003, 0.0000000E+000
 2.9200027E+003, 1.8755575E+001, 0.0000000E+000,-7.2485160E+000,-1.0683653E+001,-8.1568540E-001,-1.6821610E-017, 0.0000000E+000, 0.0000000E+000, 2.0650349E-002, 7.7207950E-003, 0.0000000E+000, 1.2500000E-003, 0.0000000E+000
 2.9300024E+003, 1.8737434E+001, 0.0000000E+000,-7.2265909E+000,-1.0729865E+001,-8.0884588E-001,-1.6831793E-017, 0.0000000E+000, 0.0000000E+000,-1.4837603E-002,-2.7867990E-002, 0.0000000E+000, 1.2500000E-003, 0.0000000E+000
 2.9400007E+003, 1.8725765E+001, 0.0000000E+000,-7.2304786E+000,-1.0677571E+001,-7.8565113E-001,-1.6737468E-017, 0.0000000E+000, 0.0000000E+000, 4.5382093E-002, 3.2064521E-002, 0.0000000E+000, 1.2500000E-003, 0.0000000E+000
 2.9500022E+003, 1.8776012E+001, 0.0000000E+000,-7.2582787E+000,-1.0728834E+001,-8.1632532E-001,-1.6771280E-017, 0.0000000E+000, 0.0000000E+000,-1.4237518E-002,-2.7425068E-002, 0.0000000E+000, 1.2500000E-003, 0.0000000E+000
 2.9600024E+003, 1.8747721E+001, 0.0000000E+000,-7.2810694E+000,-1.0679878E+001,-7.9078404E-001,-1.6709417E-017, 0.0000000E+000, 0.0000000E+000, 8.2568925E-003,-4.0102543E-003, 0.0000000E+000, 1.2500000E-003, 0.0000000E+000
 2.9700002E+003, 1.8744257E+001, 0.0000000E+000,-7.2514234E+000,-1.0709212E+001,-8.0032004E-001,-1.6792459E-017, 0.0000000E+000, 0.0000000E+000,-3.5323623E-003,-1.6698544E-002, 0.0000000E+000, 1.2500000E-003, 0.0000000E+000
 2.9800012E+003, 1.8726776E+001, 0.0000000E+000,-7.2178922E+000,-1.0745496E+001,-7.9442954E-001,-1.6795467E-017, 0.0000000E+000, 0.0000000E+000,-1.6328106E-002,-3.1042399E-002, 0.0000000E+000, 1.2500000E-003, 0.0000000E+000
 2.9900010E+003, 1.8797566E+001, 0.0000000E+000,-7.2652890E+000,-1.0735667E+001,-7.8470133E-001,-1.6814766E-017, 0.0000000E+000, 0.0000000E+000, 2.4830205E-002, 1.1908830E-002, 0.0000000E+000, 1.2500000E-003, 0.0000000E+000
 3.0000012E+003, 1.8717842E+001, 0.0000000E+000,-7.2272861E+000,-1.0742779E+001,-7.7619412E-001,-1.6744848E-017, 0.0000000E+000, 0.0000000E+000,-1.5639713E-002,-2.8417807E-002, 0.0000000E+000, 1.2500000E-003, 0.0000000E+000
 3.0100002E+003, 1.8743258E+001, 0.0000000E+000,-7.2016436E+000,-1.0767653E+001,-7.9623240E-001,-1.6819236E-017, 0.0000000E+000, 0.0000000E+000,-8.7688857E-003,-2.2270658E-002, 0.0000000E+000, 1.2500000E-003, 0.0000000E+000
 3.0200005E+003, 1.8741791E+001, 0.0000000E+000,-7.2404244E+000,-1.0760222E+001,-7.9880907E-001,-1.6800566E-017, 0.0000000E+000, 0.0000000E+000,-4.3852598E-002,-5.7663615E-002, 0.0000000E+000, 1.2500000E-003, 0.0000000E+000
 3.0300017E+003, 1.8760872E+001, 0.0000000E+000,-7.2091488E+000,-1.0746623E+001,-7.7206388E-001,-1.6839458E-017, 0.0000000E+000, 0.0000000E+000, 4.5538743E-002, 3.3036610E-002, 0.0000000E+000, 1.2500000E-003, 0.0000000E+000
 3.0400007E+003, 1.8745973E+001, 0.0000000E+000,-7.2640831E+000,-1.0722750E+001,-7.6663070E-001,-1.6691047E-017, 0.0000000E+000, 0.0000000E+000, 5.5461147E-003,-7.4900890E-003, 0.0000000E+000, 1.2500000E-003, 0.0000000E+000
 3.0500022E+003, 1.8756108E+001, 0.0000000E+000,-7.2395678E+000,-1.0755857E+001,-7.6567879E-001,-1.6695930E-017, 0.0000000E+000, 0.0000000E+000, 9.0071867E-003,-4.9963244E-003, 0.0000000E+000, 1.2500000E-003, 0.0000000E+000
 3.0600005E+003, 1.8743990E+001, 0.0000000E+000,-7.2246939E+000,-1.0795402E+001,-7.6427089E-001,-1.6751781E-017, 0.0000000E+000, 0.0000000E+000,-2.7214187E-002,-4.0376659E-002, 0.0000000E+000, 1.2500000E-003, 0.0000000E+000
 3.0700017E+003, 1.8738779E+001, 0.0000000E+000,-7.2504912E+000,-1.0721584E+001,-7.3864420E-001,-1.6693011E-017, 0.0000000E+000, 0.0000000E+000, 4.2613422E-002, 2.8059253E-002, 0.0000000E+000, 1.2500000E-003, 0.0000000E+000
 3.0800017E+003, 1.8736005E+001, 0.0000000E+000,-7.2486960E+000,-1.0800347E+001,-7.5822660E-001,-1.6694587E-017, 0.0000000E+000, 0.0000000E+000,-5.8287453E-002,-7.1264179E-002, 0.0000000E+000, 1.2500000E-003, 0.0000000E+000
 3.0900005E+003, 1.8786736E+001, 0.0000000E+000,-7.2086293E+000,-1.0772042E+001,-7.7165335E-001,-1.6739259E-017, 0.0000000E+000, 0.0000000E+000, 4.8793485E-002, 3.4411437E-002, 0.0000000E+000, 1.2500000E-003, 0.0000000E+000
 3.1000010E+003, 1.8738046E+001, 0.0000000E+000,-7.1999868E+000,-1.0794661E+001,-7.5658967E-001,-1.6751396E-017, 0.0000000E+000, 0.0000000E+000,-4.3908266E-004,-1.3190796E-002, 0.0000000E+000, 1.2500000E-003, 0.0000000E+000
 3.1100027E+003, 1.8749972E+001, 0.0000000E+000,-7.2396140E+000,-1.0787669E+001,-7.6092766E-001,-1.6770778E-017, 0.0000000E+000, 0.0000000E+000,-2.4928785E-002,-3.8239433E-002, 0.0000000E+000, 1.2500000E-003, 0.0000000E+000
 3.1200015E+003, 1.8769843E+001, 0.0000000E+000,-7.1980246E+000,-1.0820358E+001,-7.5077755E-001,-1.6810730E-017, 0.0000000E+000, 0.0000000E+000, 1.4481344E-002, 6.8280728E-004, 0.0000000E+000, 1.2500000E-003, 0.0000000E+000
 3.1300015E+003, 1.8730614E+001, 0.0000000E+000,-7.2139075E+000,-1.0801474E+001,-7.2720465E-001,-1.6802418E-017, 0.0000000E+000, 0.0000000E+000, 4.5050105E-004,-1.1971845E-002, 0.0000000E+000, 1.2500000E-003, 0.0000000E+000
 3.1400010E+003, 1.8781305E+001, 0.0000000E+000,-7.2610530E+000,-1.0800974E+001,-7.3797628E-001,-1.6733027E-017, 0.0000000E+000, 0.0000000E+000,-5.0686457E-003,-1.8698732E-002, 0.0000000E+000, 1.2500000E-003, 0.0000000E+000
 3.1500002E+003, 1.8714682E+001, 0.0000000E+000,-7.2154591E+000,-1.0766509E+001,-7.3572157E-001,-1.6754347E-017, 0.0000000E+000, 0.0000000E+000, 1.0268101E-002,-3.0084263E-003, 0.0000000E+000, 1.2500000E-003, 0.0000000E+000
 3.1600010E+003, 1.8742037E+001, 0.0000000E+000,-7.2382054E+000,-1.0789174E+001,-7.4281064E-001,-1.6778190E-017, 0.0000000E+000, 0.0000000E+000,-1.4008356E-002,-2.8153196E-002, 0.0000000E+000, 1.2500000E-003, 0.0000000E+000
 3.1700007E+003, 1.8746522E+001, 0.0000000E+000,-7.2229518E+000,-1.0765850E+001,-7.4726671E-001,-1.6701658E-017, 0.0000000E+000, 0.0000000E+000, 2.4166492E-002, 1.0453178E-002, 0.0000000E+000, 1.2500000E-003, 0.0000000E+000
 3.1800010E+003, 1.8768348E+001, 0.0000000E+000,-7.2127661E+000,-1.0843775E+001,-7.2899296E-001,-1.6762295E-017, 0.0000000E+000, 0.0000000E+000,-3.8769713E-003,-1.7185884E-002, 0.0000000E+000, 1.2500000E-003, 0.0000000E+000
 3.1900010E+003, 1.8726163E+001, 0.0000000E+000,-7.1870420E+000,-1.0821625E+001,-7.3394710E-001,-1.6752257E-017, 0.0000000E+000, 0.0000000E+000,-2.8875814E-003,-1.6450854E-002, 0.0000000E+000, 1.2500000E-003, 0.0000000E+000
 3.2000027E+003, 1.8766734E+001, 0.0000000E+000,-7.2443525E+000,-1.0816963E+001,-7.2918804E-001,-1.6788706E-017, 0.0000000E+000, 0.0000000E+000,-9.3960421E-003,-2.3770382E-002, 0.0000000E+000, 1.2500000E-003, 0.0000000E+000
 3.2100007E+003, 1.8718604E+001, 0.0000000E+000,-7.2124352E+000,-1.0797777E+001,-7.1509504E-001,-1.6763955E-017, 0.0000000E+000, 0.0000000E+000, 6.8942463E-003,-6.7030115E-003, 0.0000000E+000, 1.2500000E-003, 0.0000000E+000
 3.2200022E+003, 1.8777227E+001, 0.0000000E+000,-7.2144881E+000,-1.0834005E+001,-7.3758544E-001,-1.6749143E-017, 0.0000000E+000, 0.0000000E+000, 3.7743995E-003,-8.8513389E-003, 0.0000000E+000, 1.2500000E-003, 0.0000000E+000
 3.2300012E+003, 1.8729932E+001, 0.0000000E+000,-7.2376646E+000,-1.0815409E+001,-6.9782398E-001,-1.6654472E-017, 0.0000000E+000, 0.0000000E+000,-6.9159324E-003,-2.0965753E-002, 0.0000000E+000, 1.2500000E-003, 0.0000000E+000
 3.2400020E+003, 1.8777993E+001, 0.0000000E+000,-7.2134254E+000,-1.0818335E+001,-7.1803553E-001,-1.6717434E-017, 0.0000000E+000, 0.0000000E+000, 4.1017434E-002, 2.8197597E-002, 0.0000000E+000, 1.2500000E-003, 0.0000000E+000
 3.2500027E+003, 1.8704617E+001, 0.0000000E+000,-7.2209276E+000,-1.0827124E+001,-7.0659783E-001,-1.6714254E-017, 0.0000000E+000, 0.0000000E+000,-3.5613944E-002,-5.0032105E-002, 0.0000000E+000, 1.2500000E-003, 0.0000000E+000
 3.2600005E+003, 1.8807525E+001, 0.0000000E+000,-7.2100948E+000,-1.0857879E+001,-7.4451691E-001,-1.6775673E-017, 0.0000000E+000, 0.0000000E+000, 9.5804458E-003,-4.9653710E-003, 0.0000000E+000, 1.2500000E-003, 0.0000000E+000
 3.2700005E+003, 1.8724271E+001, 0.0000000E+000,-7.2055914E+000,-1.0805032E+001,-7.1527008E-001,-1.6681458E-017, 0.0000000E+000, 0.0000000E+000, 1.2460966E-002,-1.6218999E-003, 0.0000000E+000, 1.2500000E-003, 0.0000000E+000
 3.2800015E+003, 1.8732520E+001, 0.0000000E+000,-7.1953303E+000,-1.0844789E+001,-7.3625598E-001,-1.6746995E-017, 0.0000000E+000, 0.0000000E+000,-3.0339713E-002,-4.3855094E-002, 0.0000000E+000, 1.2500000E-003, 0.0000000E+000
 3.2900020E+003, 1.8766563E+001, 0.0000000E+000,-7.2173901E+000,-1.0813290E+001,-6.9992863E-001,-1.6728607E-017, 0.0000000E+000, 0.0000000E+000, 4.9745061E-002, 3.5953776E-002, 0.0000000E+000, 1.2500000E-003, 0.0000000E+000
 3.3000007E+003, 1.8740305E+001, 0.0000000E+000,-7.2323627E+000,-1.0864230E+001,-7.1532729E-001,-1.6792429E-017, 0.0000000E+000, 0.0000000E+000,-5.6242581E-002,-7.1615162E-002, 0.0000000E+000, 1.2500000E-003, 0.0000000E+000
 3.3100024E+003, 1.8737481E+001, 0.0000000E+000,-7.1800676E+000,-1.0851073E+001,-7.0086851E-001,-1.6778782E-017, 0.0000000E+000, 0.0000000E+000, 1.8704775E-002, 5.4725918E-003, 0.0000000E+000, 1.2500000E-003, 0.0000000E+000
 3.3200015E+003, 1.8747952E+001, 0.0000000E+000,-7.2149704E+000,-1.0843552E+001,-6.9057365E-001,-1.6670593E-017, 0.0000000E+000, 0.0000000E+000, 1.2832586E-002,-1.1434615E-003, 0.0000000E+000, 1.2500000E-003, 0.0000000E+000
 3.3300027E+003, 1.8741071E+001, 0.0000000E+000,-7.2036788E+000,-1.0857131E+001,-7.0115111E-001,-1.6733167E-017, 0.0000000E+000, 0.0000000E+000,-7.7761361E-003,-2.0890586E-002, 0.0000000E+000, 1.2500000E-003, 0.0000000E+000
 3.3400024E+003, 1.8770461E+001, 0.0000000E+000,-7.2258613E+000,-1.0870794E+001,-6.9935834E-001,-1.6738858E-017, 0.0000000E+000, 0.0000000E+000,-1.2227923E-002,-2.5553120E-002, 0.0000000E+000, 1.2500000E-003, 0.0000000E+000
 3.3500020E+003, 1.8773454E+001, 0.0000000E+000,-7.2069474E+000,-1.0854383E+001,-6.9284490E-001,-1.6744348E-017, 0.0000000E+000, 0.0000000E+000, 3.2784817E-002, 1.9279111E-002, 0.0000000E+000, 1.2500000E-003, 0.0000000E+000
 3.3600027E+003, 1.8744585E+001, 0.0000000E+000,-7.1803578E+000,-1.0895979E+001,-7.1452128E-001,-1.6834476E-017, 0.0000000E+000, 0.0000000E+000,-3.2931547E-002,-4.6272894E-002, 0.0000000E+000, 1.2500000E-003, 0.0000000E+000
 3.3700010E+003, 1.8712914E+001, 0.0000000E+000,-7.2047238E+000,-1.0846922E+001,-6.9453188E-001,-1.6680166E-017, 0.0000000E+000, 0.0000000E+000,-1.9543645E-002,-3.3262706E-002, 0.0000000E+000, 1.2500000E-003, 0.0000000E+000
 3.3800012E+003, 1.8769620E+001, 0.0000000E+000,-7.2006830E+000,-1.0872486E+001,-6.8411818E-001,-1.6718254E-017, 0.0000000E+000, 0.0000000E+000, 2.6663357E-002, 1.2333307E-002, 0.0000000E+000, 1.2500000E-003, 0.0000000E+000
 3.3900005E+003, 1.8769176E+001, 0.0000000E+000,-7.1764564E+000,-1.0908694E+001,-7.0044099E-001,-1.6764422E-017, 0.0000000E+000, 0.0000000E+000,-2.9460706E-003,-1.6416054E-002, 0.0000000E+000, 1.2500000E-003, 0.0000000E+000
 3.4000015E+003, 1.8763870E+001, 0.0000000E+000,-7.1989399E+000,-1.0852427E+001,-6.8531054E-001,-1.6748458E-017, 0.0000000E+000, 0.0000000E+000, 4.0358955E-002, 2.7192552E-002, 0.0000000E+000, 1.2500000E-003, 0.0000000E+000
 3.4100005E+003, 1.8736351E+001, 0.0000000E+000,-7.2249962E+000,-1.0864030E+001,-6.9240220E-001,-1.6740465E-017, 0.0000000E+000, 0.0000000E+000,-3.0642603E-002,-4.5078012E-002, 0.0000000E+000, 1.2500000E-003, 0.0000000E+000
 3.4200007E+003, 1.8695441E+001, 0.0000000E+000,-7.1636099E+000,-1.0865650E+001,-6.5866947E-001,-1.6720332E-017, 0.0000000E+000, 0.0000000E+000, 2.0315949E-002, 7.5118451E-003, 0.0000000E+000, 1.2500000E-003, 0.0000000E+000
 3.4300002E+003, 1.8775022E+001, 0.0000000E+000,-7.2077299E+000,-1.0910528E+001,-6.5230298E-001,-1.6701307E-017, 0.0000000E+000, 0.0000000E+000, 1.7429880E-002, 4.4612585E-003, 0.0000000E+000, 1.2500000E-003, 0.0000000E+000
 3.4400022E+003, 1.8728351E+001, 0.0000000E+000,-7.1782970E+000,-1.0944763E+001,-6.8453209E-001,-1.6698823E-017, 0.0000000E+000, 0.0000000E+000,-6.6293088E-002,-7.9240582E-002, 0.0000000E+000, 1.2500000E-003, 0.0000000E+000
 3.4500024E+003, 1.8759946E+001, 0.0000000E+000,-7.1574265E+000,-1.0910245E+001,-6.8441050E-001,-1.6763745E-017, 0.0000000E+000, 0.0000000E+000, 2.1940598E-002, 7.8638500E-003, 0.0000000E+000, 1.2500000E-003, 0.0000000E+000
 3.4600015E+003, 1.8763816E+001, 0.0000000E+000,-7.2301127E+000,-1.0877702E+001,-6.2941076E-001,-1.6620190E-017, 0.0000000E+000, 0.0000000E+000, 4.1041476E-002, 2.6590336E-002, 0.0000000E+000, 1.2500000E-003, 0.0000000E+000
 3.4700010E+003, 1.8733622E+001, 0.0000000E+000,-7.1871089E+000,-1.0930156E+001,-6.5920557E-001,-1.6727141E-017, 0.0000000E+000, 0.0000000E+000,-2.7875189E-002,-4.2848467E-002, 0.0000000E+000, 1.2500000E-003, 0.0000000E+000
 3.4800015E+003, 1.8764567E+001, 0.0000000E+000,-7.2102202E+000,-1.0909098E+001,-6.4818093E-001,-1.6689342E-017, 0.0000000E+000, 0.0000000E+000, 1.1011166E-002,-2.9320064E-003, 0.0000000E+000, 1.2500000E-003, 0.0000000E+000
 3.4900017E+003, 1.8747117E+001, 0.0000000E+000,-7.2064345E+000,-1.0916878E+001,-6.4677183E-001,-1.6708930E-017, 0.0000000E+000, 0.0000000E+000,-8.5552287E-003,-2.2967342E-002, 0.0000000E+000, 1.2500000E-003, 0.0000000E+000
 3.5000022E+003, 1.8748520E+001, 0.0000000E+000,-7.2172676E+000,-1.0861209E+001,-6.3882715E-001,-1.6665021E-017, 0.0000000E+000, 0.0000000E+000, 4.4855156E-002, 3.1215707E-002, 0.0000000E+000, 1.2500000E-003, 0.0000000E+000
 3.5100010E+003, 1.8736797E+001, 0.0000000E+000,-7.1674867E+000,-1.0954427E+001,-6.8071174E-001,-1.6668666E-017, 0.0000000E+000, 0.0000000E+000,-5.0309482E-002,-6.5828609E-002, 0.0000000E+000, 1.2500000E-003, 0.0000000E+000
 3.5200027E+003, 1.8760489E+001, 0.0000000E+000,-7.1726494E+000,-1.0933872E+001,-6.6345044E-001,-1.6735292E-017, 0.0000000E+000, 0.0000000E+000, 3.2849918E-003,-9.4824760E-003, 0.0000000E+000, 1.2500000E-003, 0.0000000E+000
 3.5300024E+003, 1.8736549E+001, 0.0000000E+000,-7.1619693E+000,-1.0917900E+001,-6.5961786E-001,-1.6765797E-017, 0.0000000E+000, 0.0000000E+000, 1.0828317E-002,-2.9376360E-003, 0.0000000E+000, 1.2500000E-003, 0.0000000E+000
 3.5400005E+003, 1.8748928E+001, 0.0000000E+000,-7.1596968E+000,-1.0959070E+001,-6.4978224E-001,-1.6720014E-017, 0.0000000E+000, 0.0000000E+000,-5.9984655E-003,-1.9620326E-002, 0.0000000E+000, 1.2500000E-003, 0.0000000E+000
 3.5500012E+003, 1.8765462E+001, 0.0000000E+000,-7.1823275E+000,-1.0936625E+001,-6.3819660E-001,-1.6667596E-017, 0.0000000E+000, 0.0000000E+000, 2.2213687E-002, 8.3130013E-003, 0.0000000E+000, 1.2500000E-003, 0.0000000E+000
 3.5600024E+003, 1.8746678E+001, 0.0000000E+000,-7.1894525E+000,-1.0933511E+001,-6.4737700E-001,-1.6665037E-017, 0.0000000E+000, 0.0000000E+000,-1.0579104E-002,-2.3662216E-002, 0.0000000E+000, 1.2500000E-003, 0.0000000E+000
 3.5700024E+003, 1.8751099E+001, 0.0000000E+000,-7.1924062E+000,-1.0953218E+001,-6.4737861E-001,-1.6728669E-017, 0.0000000E+000, 0.0000000E+000,-2.8455442E-002,-4.1904030E-002, 0.0000000E+000, 1.2500000E-003, 0.0000000E+000
 3.5800005E+003, 1.8727852E+001, 0.0000000E+000,-7.1395282E+000,-1.0983074E+001,-6.3607599E-001,-1.6775956E-017, 0.0000000E+000, 0.0000000E+000,-1.7549593E-002,-3.0826472E-002, 0.0000000E+000, 1.2500000E-003, 0.0000000E+000
 3.5900022E+003, 1.8756863E+001, 0.0000000E+000,-7.1621628E+000,-1.0954432E+001,-6.3409969E-001,-1.6748012E-017, 0.0000000E+000, 0.0000000E+000, 2.0051063E-002, 6.1682627E-003, 0.0000000E+000, 1.2500000E-003, 0.0000000E+000
 3.6000000E+003, 1.8754794E+001, 0.0000000E+000,-7.1888262E+000,-1.0937795E+001,-6.3216588E-001,-1.6789087E-017, 0.0000000E+000, 0.0000000E+000, 9.6295708E-003,-3.9928200E-003, 0.0000000E+000, 1.2500000E-003, 0.0000000E+000
