id;candidato_codice_NON_approvato;quantita_studio_un_modulo;funzione;documento;stato;gate;produzione_approvata
P01;STEPPERONLINE 17HS19-1684S-PG5;1;Candidato principale di banco: passo-passo con riduttore planetario;PG5_scheda.pdf + PG5_pagina.html + PG5_curva_coppia.pdf;CANDIDATO_NON_APPROVATO;TDS 3 Nm contro curva 2 Nm: chiarire revisione/servizio. Nessuna estrapolazione della curva al regime 0,6-2 rpm del riduttore. Verificare corrente, coppia, risonanza, temperatura, grado IP e continuita. Non applicare peso/pala al motore.;False
P02;STEPPERONLINE WGA-4058247000-G422;0;Alternativa DC 24 V, non inserita nel layout principale;WGA_scheda.pdf, 04/01/2024;CANDIDATO_NON_APPROVATO;"URL contiene vecchi 8 rpm/22 kg.cm: usare scheda scaricata, non slug. Con rapporto esterno 2:1 restano circa 6 rpm; per 0,3-1 rpm servono ulteriore riduzione o regolazione/feedback da provare. IP, temperatura, carichi albero e servizio non documentati nella scheda.";False
P03;SKF 7201 BEGAP;2;Cuscinetti della cartuccia custom, ipotesi coppia a O;SKF_7201_BEGAP_RS.pdf, copia della pagina SKF del 17/03/2025, pp.3/5/6/7;CANDIDATO_NON_APPROVATO;"Due unita universali non sono una cartuccia pronta. Sedi, distanziali interni/esterni uguali e rettificati, serraggio, precarico/dilatazioni, lubrificante, tenuta e carichi equivalenti da verificare; non assumere cuscinetti gia ingrassati.";False
P04A;MAEDLER 16221600 / 21 T5/16-2;1;Puleggia motrice grezza;"pulegge_T5.pdf, p.150; puleggia_16_pagina.html";CANDIDATO_NON_APPROVATO;Nessun foro finito: finitura Ø8 e bloccaggio da progettare. L21 supera l'albero utile20 nominale: verificare il vero mozzo/ingaggio, non imporre appoggio cieco sull'estremita.;False
P04B;MAEDLER 16223200 / 21 T5/32-2;1;Puleggia condotta grezza;"pulegge_T5.pdf, p.150; puleggia_32_pagina.html";CANDIDATO_NON_APPROVATO;Pre-foro8 non e foro12 pronto: finitura, calettamento, coppia, eccentricita e ritegno assiale da verificare.;False
P05;MAEDLER 16261300 / 10 T5/280;1;Cinghia dentata nel solo vano qualificato;"cinghie_T5.pdf, p.207; cinghia_280_pagina.html";CANDIDATO_NON_APPROVATO;Interasse geometrico senza elasticita/tensione. Capacita denti/fatica, precarico e forza radiale sul motore da dimensionare. 80 C e limite del prodotto, non temperatura del vano garantita.;False
P06;STEPPERONLINE DM542T V4.0;1;Driver fuori dal vano in quadro separato ancora da progettare;DM542T_V4_manual.pdf, pp.PDF3/4/6/8;CANDIDATO_NON_APPROVATO;"Niente tensione24V diretta alle fasi. RMS e picco distinti. Quadro, alimentatore, protezioni, cablaggi, messa a terra e arresto affidati a tecnico. ALM non misura perdita passi, impuntamento o temperatura; limite40 C non compatibile con obiettivo vano50 C.";False
P07;PROMASIL-1000L, candidato nominale50;1;"Riempimento isolante incapsulato; non percorso portante";"PROMASIL_1000L_1100_SUPER_IT.pdf, edizione2018-04 pp.1-2; SDS_US solo riferimento da sostituire con SDS Italia";CANDIDATO_NON_APPROVATO;"Dati tipici di scheda2018, attualita da confermare. Compressione a freddo non prova portanza/creep a caldo. Conducibilita a temperatura MEDIA. Nessuna fibra/polvere esposta a cibo/fumi; SDS locale e contenimento da qualificare.";False
CUSTOM01;;kit_da_definire;Pietra_carrier_appoggi_caldi;nessun prodotto qualificato;MANCANTE_NON_ORDINABILE;Progettare e riesaminare prima del banco;False
CUSTOM02;;kit_da_definire;Albero_giunto_ritenzioni;nessun prodotto qualificato;MANCANTE_NON_ORDINABILE;Progettare e riesaminare prima del banco;False
CUSTOM03;;kit_da_definire;Cartuccia_sedi_distanziali_grasso_tenute;nessun prodotto qualificato;MANCANTE_NON_ORDINABILE;Progettare e riesaminare prima del banco;False
CUSTOM04;;kit_da_definire;Telaio_vassoio_guide_schermo_carter;nessun prodotto qualificato;MANCANTE_NON_ORDINABILE;Progettare e riesaminare prima del banco;False
CUSTOM05;;kit_da_definire;Quadro_alimentatore_controller_protezioni_cavi;nessun prodotto qualificato;MANCANTE_NON_ORDINABILE;Progettare e riesaminare prima del banco;False
CUSTOM06;;kit_da_definire;Sensori_feedback_arresto;nessun prodotto qualificato;MANCANTE_NON_ORDINABILE;Progettare e riesaminare prima del banco;False
